County,FacilityName,confirmed_cases,deaths,CFR,outbreaks
Cook,Ludeman Developmental Center,263,9,0.034220532319391636,1
Cook,City View Multi Care Center,249,15,0.060240963855421686,1
Kankakee,Samuel H. Shapiro Developmental Center,232,1,0.004310344827586207,2
Lake,Avantara Long Grove,228,32,0.14035087719298245,1
Cook,Peterson Park Health Care,221,35,0.1583710407239819,2
Cook,Symphony at Midway,220,27,0.12272727272727273,2
Cook,Woodbridge Nursing Pavilion,219,40,0.182648401826484,1
Cook,Niles Nursing and Rehab Center,216,54,0.25,2
Cook,Symphony of Morgan Park,202,26,0.12871287128712872,1
Cook,Symphony of South Shore,197,29,0.14720812182741116,2
Cook,Symphony of Lincoln Park,197,30,0.15228426395939088,2
Cook,Glenview Terrace,190,33,0.1736842105263158,1
Will,Meadowbrook Manor of Bolingbrook,188,41,0.21808510638297873,1
Cook,Aperion Care International of Chicago,187,27,0.1443850267379679,1
Cook,Elevate Care Chicago North,184,34,0.18478260869565216,2
Cook,Symphony at 87th,179,33,0.18435754189944134,1
Lake,Hillcrest Retirement Village,178,18,0.10112359550561797,1
Kane,Tower Hill Healthcare Center,173,30,0.17341040462427745,2
DuPage,Manorcare Hinsdale,168,37,0.22023809523809523,2
Cook,Norridge Gardens,167,46,0.2754491017964072,1
Cook,Villa at Windsor Park,162,44,0.2716049382716049,2
Cook,California Gardens Nursing and Rehabilitation Cent,157,6,0.03821656050955414,1
Cook,Mayfield Care Center,154,23,0.14935064935064934,1
DuPage,Bria of Westmont,152,29,0.19078947368421054,1
Cook,Fairmont Care,151,32,0.2119205298013245,1
Cook,Bria Forest Edge,150,2,0.013333333333333334,1
Cook,Bria River Oaks,145,2,0.013793103448275862,1
Kane,Bria of Geneva,145,30,0.20689655172413793,1
Cook,Midway Neuro and Rehab,142,12,0.08450704225352113,1
Cook,Harmony Healthcare and Rehab,139,29,0.20863309352517986,2
LaSalle,Liberty Village of Peru - Manor Court,138,13,0.09420289855072464,1
Cook,Generations at Regency,133,33,0.24812030075187969,2
Will,symphony of joliet,130,25,0.19230769230769232,1
Kane,Symphony of Orchard Valley,126,24,0.19047619047619047,2
Cook,Clark Manor,126,15,0.11904761904761904,2
Lee,Jack Mabley Developmental Center,125,1,0.008,2
Cook,Golfview Developmental Center,123,11,0.08943089430894309,1
Cook,Mosaic of Lakeshore,122,29,0.23770491803278687,1
Sangamon,Villa East,122,26,0.21311475409836064,1
Williamson,Shawnee Senior Living,121,18,0.1487603305785124,1
Cook,Uptown Health Center,120,18,0.15,1
Cook,Center Home for Hispanic Elderly,120,30,0.25,1
Cook,Ambassador Nursing,119,9,0.07563025210084033,2
DuPage,Forestview Rehabilitation & Nursing Center,118,18,0.15254237288135594,1
Cook,Grosse Pointe Manor,118,25,0.211864406779661,1
DuPage,West Suburban Nursing & Rehabilitation Center,118,17,0.1440677966101695,1
LaSalle,Heritage Health Mendota,116,24,0.20689655172413793,1
Marion,Odin Care Center,115,9,0.0782608695652174,1
Cook,ManorCare ElkGrove Village,114,25,0.21929824561403508,1
Rock Island,Centennial Care Center,113,16,0.1415929203539823,1
Cook,Carlton at the Lake,112,20,0.17857142857142858,2
Cook,Alden Town Manor Rehabilitation & Health Care Cent,111,20,0.18018018018018017,1
Madison,Stearns Nursing and Rehabilitation Center,111,20,0.18018018018018017,1
Lawrence,Aperion HealthCare,111,5,0.04504504504504504,1
Cook,Avanti Wellness & Rehabilitation ,110,17,0.15454545454545454,1
Kankakee,Riverside Miller Rehabilitation,110,22,0.2,2
Cook,Windsor Estates,109,23,0.21100917431192662,1
Richland,Richland Nursing and Rehab,109,15,0.13761467889908258,1
DuPage,Windsor Park Manor,109,21,0.1926605504587156,1
Cook,Austin Oasis,107,16,0.14953271028037382,2
DuPage,Alden Estates of Naperville,106,21,0.19811320754716982,2
Madison,Edwardsville Care Center,106,22,0.20754716981132076,2
Cook,Addolorata Villa,106,20,0.18867924528301888,2
Cook,Lee Manor Rehab and Nursing,104,20,0.19230769230769232,1
St. Clair,Four Fountains,104,31,0.2980769230769231,1
Cook,Astoria Place of Chicago,104,20,0.19230769230769232,1
Will,Beecher Manor ,104,15,0.14423076923076922,1
Monroe,Oak Hill,103,13,0.1262135922330097,1
Cook,Aperion Care Oak Lawn,103,22,0.21359223300970873,1
DuPage,Oakbrook Care,103,24,0.23300970873786409,1
Greene,White Hall Nursing and Rehab,102,15,0.14705882352941177,1
Cook,Bria of Palos Hills,102,18,0.17647058823529413,1
Cook,Norwood crossing Skilled Nursing,101,18,0.1782178217821782,1
Cook,Bellhaven Nursing and Rehabilitation,101,9,0.0891089108910891,1
Jersey,Liberty Village of Jerseyville,100,18,0.18,1
Macon,Villa Clara Post Acute,100,12,0.12,1
Cook,Atrium Health Care Center,99,10,0.10101010101010101,1
Lake,Symphony Buffalo Grove,99,10,0.10101010101010101,1
Will,Presence Villa Franciscan,99,17,0.1717171717171717,2
Will,Salem Village NH,98,5,0.05102040816326531,1
Cook,Central Nursing Home,98,17,0.17346938775510204,1
Cook,Avantara Evergreen Park,98,22,0.22448979591836735,2
Coles,Mattoon Rehabilitation and Health Care Center,98,1,0.01020408163265306,1
Lake,Aperion Care Highwood,98,13,0.1326530612244898,1
DuPage,The Grove of Elmhurst,98,15,0.15306122448979592,1
Cook,Chalet Living And Rehab Center,97,14,0.14432989690721648,1
Shelby,Shelbyville Manor,97,9,0.09278350515463918,2
Cook,Alden Estates of Northmoor,97,19,0.1958762886597938,1
Cook,Landmark of Des Plaines,95,22,0.23157894736842105,1
Macon,Fairhavens Senior Living,95,21,0.22105263157894736,1
Coles,Charleston Rehab and Healthcare,95,17,0.17894736842105263,1
Williamson,Parkway Manor,94,21,0.22340425531914893,1
Lake,Warren Barr North Shore,94,17,0.18085106382978725,1
Mason,Mason City Area Nursing Home ,94,9,0.09574468085106383,1
Cook,Lakeview Nursing and Rehab,93,22,0.23655913978494625,2
Peoria,Heritage Health,92,11,0.11956521739130435,1
Kane,Asbury Gardens,92,19,0.20652173913043478,1
Cook,Alden Lakeland,92,2,0.021739130434782608,3
Cook,Alden PoplarCreek,91,26,0.2857142857142857,1
Jefferson,Mt. Vernon Healthcare Center,91,17,0.18681318681318682,1
McHenry,Alden Terrace of McHenry,89,13,0.14606741573033707,1
Cook,Glenwood Health Care & Rehab,89,6,0.06741573033707865,1
Rock Island,St. Anthonys Continue Care,89,15,0.16853932584269662,1
Madison,Meridian Village,89,5,0.056179775280898875,1
Cook,Generations at Elmwood Park,89,19,0.21348314606741572,1
Boone,Symphony Northwoods,89,16,0.1797752808988764,1
Christian,taylorville care center,89,16,0.1797752808988764,1
Cook,The Grove of Evanston,89,19,0.21348314606741572,1
Will,Frankfort Terrace,88,2,0.022727272727272728,1
Cook,Bella Terra Wheeling,88,19,0.2159090909090909,1
Kankakee,Illinois Veterans Home,88,18,0.20454545454545456,1
Winnebago,Ascension St Anne Center,88,15,0.17045454545454544,1
Cook,Manor Care Oak Lawn EAST. Cook,86,19,0.22093023255813954,1
McHenry,Crystal Pines Rehabilitation & Hlth Care Facility,86,15,0.1744186046511628,1
Will,St James Manor,86,24,0.27906976744186046,1
Cook,Birchwood Plaza Nursing-Rehab,85,15,0.17647058823529413,1
Cook,Beacon Care Center,85,14,0.16470588235294117,2
Will,Lakewood Nursing Home,85,6,0.07058823529411765,3
Clinton,Carlyle HealthCare Center,85,15,0.17647058823529413,1
DuPage,DuPage Care Center,85,4,0.047058823529411764,1
Cook,MADO Healthcare Uptown,84,9,0.10714285714285714,1
Winnebago,Forest City Rehab and Nursing,83,9,0.10843373493975904,1
Cook,Generations at Applewood,83,20,0.24096385542168675,1
Cook,Meadowbrook Manor,83,13,0.1566265060240964,2
Winnebago,River Bluff Nursing Home,82,10,0.12195121951219512,2
Cook,Elevate Care Northbrook,82,18,0.21951219512195122,1
Union,Integrity of Anna,82,13,0.15853658536585366,1
DeKalb,Pine Acres,82,12,0.14634146341463414,1
Cook,ManorCare Oak Lawn West,82,18,0.21951219512195122,1
Madison,University Care Center,82,2,0.024390243902439025,3
Cook,South Suburban Rehab Center,81,20,0.24691358024691357,1
Cook,Community Care Nursing Home,81,9,0.1111111111111111,1
Morgan,Jacksonville Skilled Nursing and Rehab Center,81,18,0.2222222222222222,1
Cook,Southpoint Nsg and Rehab,81,11,0.13580246913580246,1
Lake,Alden Long Grove,80,21,0.2625,1
Cook,Buckingham Pavilion,80,13,0.1625,2
St. Clair,Cedar Ridge,79,13,0.16455696202531644,1
Madison,Eden Village Care Center,79,21,0.26582278481012656,2
Winnebago,Alden Debes Rehab Inc,79,20,0.25316455696202533,1
Cook,Elevate Care Irving Park,78,13,0.16666666666666666,2
DuPage,Providence Healthcare & Rehabilitation Center,78,18,0.23076923076923078,2
Cook,Alden Lincoln Park Rehab,78,12,0.15384615384615385,2
Carroll,Big Meadows Nursing Home,78,2,0.02564102564102564,1
Iroquois,Gilman Health Care Center,78,14,0.1794871794871795,1
Cook,Continental Nursing and Rehabilitation Center,78,12,0.15384615384615385,1
St. Clair,Lebanon Care Center ,78,13,0.16666666666666666,1
Cook,Lexington Health Care Orland Park,77,18,0.23376623376623376,1
Cook,Dobson Plaza,77,21,0.2727272727272727,1
Cook,Lieberman Geriatric Center,76,8,0.10526315789473684,1
Kane,Citadel of Elgin,75,10,0.13333333333333333,2
Cook,Bella Terra Morton Grove,74,11,0.14864864864864866,1
Lake,Riverside Foundation,74,5,0.06756756756756757,1
DuPage,Abbington Rehab & Nursing Center,74,6,0.08108108108108109,1
Cook,Central Plaza,74,1,0.013513513513513514,1
Lake,Bayside Terrace,74,2,0.02702702702702703,1
Lake,Elevate Care Waukegan,74,13,0.17567567567567569,1
Kankakee,Citadel of Kankakee,73,2,0.0273972602739726,1
Perry,Pinckneyville Nursing and Rehabilitation,73,11,0.1506849315068493,1
Jefferson,GreenTree at Mt. Vernon,73,16,0.2191780821917808,1
DuPage,Lexington of Bloomingdale,72,21,0.2916666666666667,1
Peoria,Apostolic Christian Skyline,72,7,0.09722222222222222,1
Cook,Smith Village,72,14,0.19444444444444445,2
Winnebago,Amberwood,72,11,0.1527777777777778,1
Cook,Chicago Ridge Nursing and Rehab,71,17,0.23943661971830985,1
McHenry,Cross Roads Care Center,71,13,0.18309859154929578,1
Cook,Alden Wentworth  Rehab & Healthcare Center,71,15,0.2112676056338028,1
Cook,Warren Barr Gold Coast,71,4,0.056338028169014086,1
Will,Sunny Hill Nursing Home,71,16,0.22535211267605634,2
Ford,Piper City Rehab,71,11,0.15492957746478872,2
Madison,Riverside Rehab and Healthcare,71,17,0.23943661971830985,2
Coles,Hilltop Skilled Nursing,70,5,0.07142857142857142,1
De Witt,Liberty Village,70,7,0.1,1
St. Clair,BRIA of Belleville,70,8,0.11428571428571428,1
Cook,Waterfront Terrace,69,13,0.18840579710144928,1
McHenry,Hearthstone Manor ,69,7,0.10144927536231885,1
Cook,Misericordia,69,2,0.028985507246376812,2
DuPage,Bridgeway Senior Living,69,7,0.10144927536231885,1
DeKalb,Willow Crest Nursing Pavilion,68,15,0.22058823529411764,1
Sangamon,Brother James Court,68,2,0.029411764705882353,1
Cook,Arden Courts/Manor Care of South Holland ,68,8,0.11764705882352941,1
Will,The PARC of Joliet,68,17,0.25,1
Lake,Wauconda Care,67,16,0.23880597014925373,2
Cook,ManorCare Palos Heights East,67,12,0.1791044776119403,1
Cook,Countryside Nursing and Rehab Center,67,11,0.16417910447761194,1
Lake,Whitehall of Deerfield,67,3,0.04477611940298507,1
Cook,Warren Barr Lincoln Park,66,11,0.16666666666666666,2
Lake,Belmont Village of Buffalo Grove,66,19,0.2878787878787879,1
DuPage,Terra Vista of Oakbrook Terrace,66,6,0.09090909090909091,2
Cook,Bridgeview HC,66,15,0.22727272727272727,1
Tazewell,Aperion Morton,65,6,0.09230769230769231,1
Fayette,Aperion Care St Elmo,65,11,0.16923076923076924,1
Cook,Symphony of Bronzeville,64,17,0.265625,1
Tazewell,Villas of Holly Brook & Reflections Pekin,64,11,0.171875,1
Cook,Citadel of Waterford,64,13,0.203125,1
Morgan,Aperion Care Jacksonville,64,6,0.09375,1
Cook,Generations At Oakton,64,13,0.203125,2
Lake,Claridge Health Center,63,18,0.2857142857142857,1
St. Clair,Integrity Care of Smithton,63,10,0.15873015873015872,1
Madison,Alton Memorial Rehab and Therapy,63,11,0.1746031746031746,1
Cook,Westwood Manor,63,2,0.031746031746031744,1
Knox,Seminary Manor,63,8,0.12698412698412698,1
Tazewell,Timbercreek Rehab and Healthcare,62,10,0.16129032258064516,1
Clinton,Warrren G Murray Develpmental Center,62,0,0.0,1
Clark,Heartland Manor Nursing home,62,15,0.24193548387096775,1
Madison,Integrity of Godfrey,61,8,0.13114754098360656,1
Cook,Little Sisters of the Poor/St. Marys Home,61,13,0.21311475409836064,1
Clay,Flora Gardens,61,12,0.19672131147540983,1
Madison,Beverly Farm Foundation,60,1,0.016666666666666666,1
Cook,Arbour Health Care Center,60,3,0.05,2
Cook,Symphony of Chicago West,60,7,0.11666666666666667,2
Knox,Serenity of Lake Storey,60,4,0.06666666666666667,1
Lake,Elevate Care Riverwoods,59,12,0.2033898305084746,1
McLean,Bloomington Rehabilitation and Healthcare Center,59,11,0.1864406779661017,1
Lake,The Grove By the Lake,59,9,0.15254237288135594,1
St. Clair,Dammert Center/The Esquiline2,59,7,0.11864406779661017,1
Cook,Aperion Care Plum Grove,58,19,0.3275862068965517,1
Cook,Lutheran Home,58,9,0.15517241379310345,2
Randolph,Red Bud Regional Care Center,58,1,0.017241379310344827,1
Cook,Estates of Hyde Park,57,12,0.21052631578947367,1
Cass,Walker Nursing Home,57,11,0.19298245614035087,1
St. Clair,New Athens Home for the Aged,57,8,0.14035087719298245,1
Cook,The Grove of Berwyn,57,14,0.24561403508771928,1
DuPage,Chateau Center Nursing & Rehabilitation,57,14,0.24561403508771928,1
DuPage,Wheaton Village,56,7,0.125,1
Cook,Presence Villa Scalabrini Nursing&Rehab Center,56,6,0.10714285714285714,1
Cook,Sheridan Village,56,19,0.3392857142857143,1
Cook,Resurrection Nursing & rehab Center,56,9,0.16071428571428573,1
Jefferson,Nature Trail Health Care Center,56,8,0.14285714285714285,1
Lake,Warren Barr Lincolnshire,56,5,0.08928571428571429,1
DuPage,Brookdale Lisle,56,9,0.16071428571428573,2
Cook,Arden Courts of Palos Heights,55,10,0.18181818181818182,1
Pike,Barry Community Care,55,7,0.12727272727272726,1
Cook,ManorCare Health Services-Palos Heights West,55,16,0.2909090909090909,1
Cook,Alden Princeton Rehab & Health,54,12,0.2222222222222222,1
Rock Island,Generations of Rock Island,54,15,0.2777777777777778,1
Cook,Park View Rehab,54,11,0.2037037037037037,1
Peoria,Christian Buehler Home,54,6,0.1111111111111111,1
Cook,Winston Manor,54,8,0.14814814814814814,2
Peoria,University Rehab Center,54,16,0.2962962962962963,1
Madison,Alton Mental Health Center,53,0,0.0,1
Sangamon,Aperion Care Springfield,53,0,0.0,1
Cook,Aperion Care Forest Park,53,6,0.11320754716981132,2
Christian,Taylorville Skilled Nursing (fka Meadow Manor),53,4,0.07547169811320754,1
DuPage,Arista Healthcare Naperville,52,1,0.019230769230769232,3
St. Clair,Memorial Care Center,52,8,0.15384615384615385,2
Cook,Manor Care Health Services-Homewood,52,15,0.28846153846153844,1
Adams,Golden Good Shepperd Home,52,8,0.15384615384615385,1
DuPage,Tabor Hills Healthcare,52,7,0.1346153846153846,3
Cook,Palos Heights Nursing and Rehab,52,10,0.19230769230769232,1
St. Clair,St. Pauls,51,14,0.27450980392156865,1
Kane,Fox River Rehab and Healthcare,51,15,0.29411764705882354,1
Iroquois,Ascension Presence Merkle Knipprath,51,4,0.0784313725490196,1
Lake,Whitehall North,51,5,0.09803921568627451,1
Wayne,Aperion Care,51,3,0.058823529411764705,1
Kane,Avondale Estates of Elgin,51,5,0.09803921568627451,1
Cook,Sunrise of Park Ridge,51,11,0.21568627450980393,2
Cook,Landmark of Richton Park,51,9,0.17647058823529413,2
Cook,The Admiral at the Lake,50,6,0.12,1
Kendall,Symphony At The Tillers of Oswego,50,9,0.18,1
Lake,Lexington of Lake Zurich,50,12,0.24,1
Jasper,Newton Care Center,50,8,0.16,1
Cook,All American Nursing Home,50,4,0.08,1
Rock Island,Aspen Rehab,50,10,0.2,1
Cook,Bethesda Rehab and Senior Care,49,6,0.12244897959183673,2
DuPage,Sunrise of Naperville North Assisted Living,49,0,0.0,1
Lake,Terrace Nursing Home,49,12,0.24489795918367346,1
Cook,The Grove of Northbrook,49,0,0.0,2
Cook,Pauls House,49,6,0.12244897959183673,1
Cook,Symphony of Crestwood,49,8,0.16326530612244897,1
Cook,Little Village Nursing Home,49,7,0.14285714285714285,2
Cook,Praire Oasis South Holland,49,14,0.2857142857142857,1
Cook,Lake Cook Rehab & Healthcare(formerly Rosewood),49,12,0.24489795918367346,1
McLean,Bickford of BLoomington,48,8,0.16666666666666666,1
Rock Island,Heartland Healthcare Center Moline,48,9,0.1875,1
Cook,Citadel of Northbrook,48,2,0.041666666666666664,1
DuPage,Aperion Care West Chicago,48,8,0.16666666666666666,2
McDonough,Heartland Health Care Center,48,15,0.3125,1
Cook,Three Crown Park ,48,8,0.16666666666666666,1
LaSalle,Illinois Veterans Home - LaSalle,47,0,0.0,2
Winnebago,Crimson Pointe Senior Living,47,12,0.2553191489361702,1
Clinton,Breese Nursing Home,47,7,0.14893617021276595,1
DuPage,Westmont Manor Health and Rehab Center,47,16,0.3404255319148936,1
Cook,Warren Barr South Loop,47,3,0.06382978723404255,1
Cook,The Carrington Linclonwood,46,4,0.08695652173913043,2
Lake,Radford Green at Sedgebrook,46,6,0.13043478260869565,1
Lake,Libertyville Manor,46,16,0.34782608695652173,1
McHenry,The Fountains at Crystal Lake,46,15,0.32608695652173914,1
Cook,Lincolnwood Place,46,15,0.32608695652173914,1
DuPage,Beacon Hill Lombard,46,6,0.13043478260869565,1
Cook,Westchester Health and Rehabilitation Center,46,12,0.2608695652173913,1
Union,Integrity of Cobden,45,7,0.15555555555555556,1
Fayette,Vandalia Rehabilitation and Health Care Center,45,4,0.08888888888888889,1
Adams,Illinois Veterans Home,45,2,0.044444444444444446,1
Cook,Transitional Care Arlington Hgts,45,7,0.15555555555555556,1
Lake,Manor Care of Libertyville,45,6,0.13333333333333333,2
Cook,Selfhelp Home,45,4,0.08888888888888889,2
DuPage,The Auberge at Naperville,45,1,0.022222222222222223,2
Whiteside,Resthave Care and Rehabilitation ,44,3,0.06818181818181818,1
DuPage,The Springs of Monarch Landing Skilled Nursing,44,1,0.022727272727272728,1
St. Clair,Swansea Rehabilitation and Health Care Center,44,9,0.20454545454545456,1
DuPage,Alden Valley Ridge,44,22,0.5,1
Clinton,Clinton Manor Living Facility,44,1,0.022727272727272728,2
Cook,Alden Estates of Orland Park,44,13,0.29545454545454547,1
St. Clair,Bria of Cahokia,44,3,0.06818181818181818,2
Cook,Clearbrook Center,44,7,0.1590909090909091,1
DuPage,Burgess Square Healthcare & Rehab Center,44,3,0.06818181818181818,2
DuPage,Lexington of Lombard,43,12,0.27906976744186046,1
Cook,Pearl of Rolling Meadows,43,4,0.09302325581395349,1
Shelby,Moweaqua Rehabilitation and Health Care,43,0,0.0,1
Will,Clarendale of Mokena,43,8,0.18604651162790697,2
Cumberland,Heartland Senior Living,43,3,0.06976744186046512,1
LaSalle,Aperion Care Marseilles,42,10,0.23809523809523808,1
Lake,Autumn Leaves of Gurnee,42,11,0.2619047619047619,1
DuPage,Artis Senior Living Elmhurst,42,20,0.47619047619047616,1
White,Wabash Christian Retirement,42,2,0.047619047619047616,1
Cook,Plymouth Place Senior Living,42,11,0.2619047619047619,1
Cook,Elevate Saint Andrew,42,9,0.21428571428571427,1
McHenry,Sheltered Village,42,9,0.21428571428571427,1
Lake,Captain James A Lovell FHCC CLC,41,6,0.14634146341463414,2
Lake,Kiley Development Center,41,1,0.024390243902439025,2
Jackson,Integrity Healthcare of Carbondale,41,5,0.12195121951219512,1
Champaign,Illini Heritage Rehab And Health,41,0,0.0,1
Kane,Alden of Waterford,41,10,0.24390243902439024,1
Cook,BRIA of Chicago Heights,41,1,0.024390243902439025,1
McDonough,Countryview Care Center of Macomb,41,4,0.0975609756097561,1
Ford,Accolade Healthcare of Paxton on Pells,41,3,0.07317073170731707,1
Carroll,Allure of Mount Carroll,40,7,0.175,1
Jackson,Neurorestorative,40,1,0.025,1
Cook,Lexington Healthcare of La Grange,40,5,0.125,2
Cook,Tri-States Nursing & rehab Center,40,5,0.125,1
Cook,Montgomery Place,40,4,0.1,1
Kane,Heritage Health Therapy and Senior Care,40,3,0.075,1
Woodford,Heritage Health El Paso,40,7,0.175,1
LaSalle,LaSalle County Nursing Home,39,7,0.1794871794871795,1
Edgar,Twin Lakes Rehab Center,39,6,0.15384615384615385,1
Cook,Aperion Care West Ridge,39,14,0.358974358974359,2
Franklin,Benton Rehab and Nusing,39,2,0.05128205128205128,1
LaSalle,Streator Unlimited Inc.,39,1,0.02564102564102564,1
McHenry,The Springs at Crystal Lake,38,10,0.2631578947368421,1
Monroe,Garden Place Independant & Assisted Living,38,11,0.2894736842105263,1
DuPage,Harvester Place Memory Care,38,13,0.34210526315789475,1
Cook,The Pointe of Kilpatrick ,38,7,0.18421052631578946,1
Cook,Burbank Rehab - Vera Care Stickney,38,11,0.2894736842105263,1
Winnebago,Alpine Fireside Health Center,38,3,0.07894736842105263,2
Will,Joliet Terrace,38,0,0.0,3
Kane,Elmwood Terrace,38,6,0.15789473684210525,1
Sangamon,Auburn Rehab and Healthcare Center,37,4,0.10810810810810811,1
Kane,Avantara Elgin,37,4,0.10810810810810811,1
DuPage,Meadowbrook Manor Naperville,37,3,0.08108108108108109,1
DuPage,Franciscan Court Supportive Living,37,2,0.05405405405405406,1
Will,Victorian Village,37,1,0.02702702702702703,2
Moultrie,Sullivan Rehabilitation and Health Care Center,37,3,0.08108108108108109,1
Clinton,Aviston Countryside Manor,36,6,0.16666666666666666,1
Will,Smith Crossing,36,2,0.05555555555555555,3
Cook,Harbor House Memory Care,36,12,0.3333333333333333,1
Kane,Highland Oaks,36,0,0.0,2
Jackson,Manor Court of Carbondale,36,10,0.2777777777777778,2
Will,Arbor Terrace,35,5,0.14285714285714285,1
Peoria,Lutheran Hillside Village,35,0,0.0,3
Cook,Mercy Circle,35,3,0.08571428571428572,2
Cook,Summit of Uptown,35,15,0.42857142857142855,1
Kane,South Elgin Rehab,35,1,0.02857142857142857,1
Knox,Knox County Nursing Home,34,2,0.058823529411764705,2
Kane,Asbury Gardens ,34,1,0.029411764705882353,1
Cook,Prairie Manor Rehab and Nursing,34,12,0.35294117647058826,1
Lake,Winchester House,34,7,0.20588235294117646,1
Cook,Lemont Center,33,8,0.24242424242424243,1
Sangamon,Mill Creek Alzheimers Special Care Unit,33,2,0.06060606060606061,1
McHenry,Florence Nursing Home,33,4,0.12121212121212122,2
Adams,St Vincents Nursing Home,33,3,0.09090909090909091,1
Cook,Villa at South Holland,33,9,0.2727272727272727,1
Cook,Franciscan Village,33,2,0.06060606060606061,2
Whiteside,Good Sam - Prophets Riverview,33,4,0.12121212121212122,1
Will,Spring Creek Nursing Home,33,4,0.12121212121212122,2
Cook,Lakefront Nursing,33,0,0.0,2
Peoria,Generations of Peoria,33,5,0.15151515151515152,1
Cook,Bria Place of Indian Head Park,32,7,0.21875,1
St. Clair,CASEYVILLE CARE CENTER,32,1,0.03125,1
Cook,Villa at Palos Heights,32,5,0.15625,2
Cook,Presence Resurrection Life Center,32,3,0.09375,1
LaSalle,Parker Nursing and Rehabilitation Center,32,1,0.03125,1
Cook,Foster Health & Rehab,32,7,0.21875,1
Kane,Autumn Leaves of St. Charles,32,3,0.09375,1
Cook,The Vine At Countryside,31,4,0.12903225806451613,1
Cook,Arden Courts of Elk Grove,31,8,0.25806451612903225,1
Cook,Symphony at Aria,31,7,0.22580645161290322,1
Cook,The Grove of Skokie,31,7,0.22580645161290322,1
Winnebago,Van Matre Encompas Health,31,4,0.12903225806451613,1
Winnebago,Alden Park Strathmoor,31,0,0.0,1
Grundy,Parkpointe ,31,3,0.0967741935483871,1
Kane,Bickford of Aurora,31,7,0.22580645161290322,2
Kane,Aperion Care,30,5,0.16666666666666666,1
Cook,Greek American Rehab & Care,30,2,0.06666666666666667,1
DuPage,Lexington of Elmhurst,30,13,0.43333333333333335,3
Stephenson,Stephenson Nursing Center,30,1,0.03333333333333333,2
DuPage,Belmont Village Senior Living Carol Stream,30,5,0.16666666666666666,1
DuPage,St. Patricks Residence Nursing and Rehabilitation,30,2,0.06666666666666667,1
Cook,Alden Estates of Barrington,30,0,0.0,2
Cook,The Clare,30,0,0.0,3
Will,Shady Oaks,30,3,0.1,1
Cook,AMITA Health Holy Family Medical Center ,30,1,0.03333333333333333,1
Cook,Lexington healthcare of Schaumburg,30,3,0.1,1
DuPage,Atria Park of Glen Ellyn,29,2,0.06896551724137931,2
DuPage,Artis Senior Living of Bartlett,29,12,0.41379310344827586,1
Peoria,Gateway at River City,29,0,0.0,1
Cook,Oak Park Oasis,29,11,0.3793103448275862,1
Cook,Aperion Care Dolton,29,6,0.20689655172413793,1
Will,Revere Court of Bolingbrook,29,3,0.10344827586206896,1
Cook,Parkshore Estates,28,0,0.0,1
Coles,Odd Fellow Rebekah,28,5,0.17857142857142858,1
Madison,Liberty Village,28,0,0.0,1
Cook,Southview Manor,28,2,0.07142857142857142,2
Will,Alden Estates of Shorewood,28,4,0.14285714285714285,1
Cook,Sunrise of Schaumburg,28,5,0.17857142857142858,1
Saline,Eldorado Rehab and Healthcare,28,5,0.17857142857142858,1
Cook,Presence Nazarethville,28,6,0.21428571428571427,2
Cook,Symphony of Evanston,28,1,0.03571428571428571,1
Champaign,Reflections Memory Care,28,4,0.14285714285714285,1
Lake,Auberge at Lake Zurich,28,6,0.21428571428571427,1
Whiteside,Parkway Center,28,5,0.17857142857142858,1
Cook,Vi at the Glen,27,4,0.14814814814814814,1
Kane,Avantara of Elgin,27,2,0.07407407407407407,1
Winnebago,Amberwood Care Center,27,1,0.037037037037037035,2
Kane,River View Rehab ,27,0,0.0,1
DuPage,Ray Graham Iona Glos,27,2,0.07407407407407407,1
Cook,Manor Care at Arlington Heights,27,2,0.07407407407407407,1
DuPage,Lakeview Memory Care Community,27,8,0.2962962962962963,1
Kane,Jennings Terrace,26,1,0.038461538461538464,2
DuPage,Aspired Living of Westmont,26,4,0.15384615384615385,2
Cook,Belmont Village Senior Living of Glenview,26,5,0.19230769230769232,1
Cook,Symphony of Hanover Park,26,3,0.11538461538461539,1
Cook,Balmoral Home,26,0,0.0,1
McLean,Heritage Health of Normal,26,1,0.038461538461538464,1
St. Clair,Autumn Meadows,26,0,0.0,1
Cook,Albany Care,25,0,0.0,1
Macon,Evergreen Senior Living,25,1,0.04,1
Cook,Weinberg Community for Senior Living,25,2,0.08,1
Cook,Citadel of Warren Park,25,4,0.16,2
Cook,Aperion Care Evanston,25,2,0.08,1
Winnebago,Stepping Stone of Rockford ,25,1,0.04,1
Ogle,Generations at Neighbors,25,0,0.0,1
Cook,Aperion Care Chicago Heights,25,1,0.04,1
Winnebago,Morning Star Village,25,3,0.12,1
Kane,Heritage Wood and White Oaks of South Elgin,24,2,0.08333333333333333,1
Lake,Sheridan at Green Oaks,24,2,0.08333333333333333,1
Jo Daviess,Galena Stauss Nursing Home,24,6,0.25,2
DuPage,Oakbrook Care Rehabilitation & Recover,24,0,0.0,1
Woodford,Snyder Village Health Center ,24,2,0.08333333333333333,1
Cook,Grace Point Place Memory Care,24,8,0.3333333333333333,1
Winnebago,Anam Care Facility,24,7,0.2916666666666667,1
Rock Island,Hope Creek,24,1,0.041666666666666664,1
Cook,Lexington of Chicago Ridge,23,12,0.5217391304347826,1
Cook,Edward Hines VA Community Living Center,23,3,0.13043478260869565,1
Cook,Heather Manor Nursing & Rehabilitation Center,23,4,0.17391304347826086,1
Cook,Inverness Health and Rehab,23,0,0.0,1
Cook,Alden Estates Des Plaines,23,2,0.08695652173913043,2
Lake,Brookdale Vernon Hills,23,3,0.13043478260869565,1
Macoupin,Gillespie Heritage Health,23,3,0.13043478260869565,1
Will,Our Lady Of Angels Retirement Home,23,1,0.043478260869565216,2
Cook,Citadel of Skokie,23,4,0.17391304347826086,2
Peoria,Generations at Peoria,23,2,0.08695652173913043,1
Lake,The Wellshire Lincolnshire,23,3,0.13043478260869565,1
Vermilion,Arcadia Care of Danville,23,1,0.043478260869565216,1
Kane,Heritage Woods of Batavia ,23,1,0.043478260869565216,1
Cook,Friendship Village LTC,23,5,0.21739130434782608,1
Lake,Mount St. Joseph,22,1,0.045454545454545456,1
Lake,The Solana Deer Park,22,5,0.22727272727272727,2
Richland,LAVENDER RIDGE MEMORY CARE,22,4,0.18181818181818182,1
Coles,Copper Creek Cottages,22,5,0.22727272727272727,1
Madison,Beverly Farm,22,0,0.0,1
DuPage,Alden Village Bloomingdale,22,2,0.09090909090909091,1
Cook,Lydia Health Care Center,22,3,0.13636363636363635,1
Cook,Bella Terra Streamwood,21,3,0.14285714285714285,1
Bond,Greenville Nursing & Rehab,21,1,0.047619047619047616,1
Saline,Saline Care Nursing and Rehab,21,0,0.0,1
St. Clair,Mercy ,21,2,0.09523809523809523,1
Peoria,EP!C,21,0,0.0,1
Winnebago,Rock River Health Care,21,2,0.09523809523809523,1
Winnebago,Fairhaven Christian Retirement Center,21,0,0.0,1
DuPage,Brookdale Burr Ridge,21,5,0.23809523809523808,1
DuPage,The Radcliff Wood Dale,21,2,0.09523809523809523,2
Will,Willow Falls,21,2,0.09523809523809523,2
Whiteside,Exceptional Care and Training Center,21,0,0.0,1
Whiteside,Regency Care of Sterling ,20,2,0.1,1
Macon,Prairie Creek Village,20,0,0.0,2
Wabash,Villas of Holly Brook,20,1,0.05,1
Macon,Lincolnshire Place,20,0,0.0,1
Bond,Cedarhurst of Greenville,20,3,0.15,1
Livingston,Good Samaritan Rehabilitation/Healthcare,20,1,0.05,1
Rock Island,Fort Armstrong,20,1,0.05,1
Cook,Brookdale Des Plaines,20,7,0.35,1
St. Clair,Brightly Senior Living,20,0,0.0,1
DuPage,Clarendale of Addison,20,3,0.15,2
Tazewell,Reflections Memory Care,20,4,0.2,1
DeKalb,Oakcrest DeKalb Area Retirement Center,20,1,0.05,1
Champaign,Champaign Urbana Nursing and Rehab,20,1,0.05,1
St. Clair,Freeburg Terrace,20,0,0.0,1
Randolph,Coulterville Rehabilitation & Health Care Center,20,0,0.0,3
Pike,Kepley House,20,0,0.0,1
Cook,Citadel of Wilmette,19,5,0.2631578947368421,1
Tazewell,Generations Riverview SNF,19,2,0.10526315789473684,1
Cook,Elevate Care South Holland,19,6,0.3157894736842105,1
Sangamon,Villa Healthcare Center West,19,1,0.05263157894736842,1
Ogle,Rochelle Rehab,19,2,0.10526315789473684,1
Lee,Dixon Healthc,19,0,0.0,1
McLean,Luther Oakes,19,0,0.0,3
DeKalb,DeKalb County Rehab and Nursing,19,0,0.0,2
Monroe,Integrity Healthcare-Columbia Rehab & Care Center,19,3,0.15789473684210525,1
Cook,Jackson Park Assisted living,19,3,0.15789473684210525,1
Cook,Artis Senior Living of Lakeview,19,8,0.42105263157894735,1
Kankakee,Manteno Veterans Home,19,2,0.10526315789473684,1
Will,Willow House,18,0,0.0,1
Cook,Northbrook Inn Memory Care,18,5,0.2777777777777778,1
Sangamon,St. Josephs Home,18,1,0.05555555555555555,1
Cook,Oak Park Brookdale,18,1,0.05555555555555555,2
Cook,Waverly Inn Memory Care Community,18,8,0.4444444444444444,1
Cook,Elevate Care Niles,18,5,0.2777777777777778,1
Cook,Prairie Green at Dixie Crossing,18,6,0.3333333333333333,1
Cook,Alden,18,0,0.0,1
Cook,Presbyterian Westminster Homes,18,0,0.0,1
Will,Parc of Joliet,18,0,0.0,1
Cook,St. Mary of Providence in Chicago,18,0,0.0,1
Macon,Fair Havens Senior Living Facility,18,0,0.0,1
Rock Island,Friendship Manor,18,0,0.0,2
Cook,Alden Estates of Evanston,18,2,0.1111111111111111,1
Rock Island,Illini Restorative Care,17,0,0.0,2
Rock Island,Serenity  (Aperion) Moline,17,2,0.11764705882352941,1
Peoria,Grand View Alzheimers Special Care Center,17,4,0.23529411764705882,1
Whiteside,Harbor Crest,17,4,0.23529411764705882,1
Clinton,Carlyle Healthcare Center,17,0,0.0,1
Lake,Victory Lakes Continuing Care Center,17,4,0.23529411764705882,2
Kane,Bright Oaks of Aurora,17,4,0.23529411764705882,1
McLean,The Villas of Holly Brook-Towanda Barnes,17,2,0.11764705882352941,1
Will,Village Woods,17,0,0.0,1
Peoria,Bickford Senior Living of Peoria,16,3,0.1875,1
Champaign,Meadowbrook at Clark-Lindsey,16,0,0.0,2
Lake,Cedar Lake,16,8,0.5,1
Will,Alden Courts of Shorewood,16,1,0.0625,3
Cook,Alden Village North,16,0,0.0,2
Winnebago,PA Peterson at theCitadel,16,7,0.4375,1
Will,Senior Star at Weber Place,16,4,0.25,2
Lake,Balmoral Care Center,16,2,0.125,1
Mercer,Brookstone of Aledo,16,4,0.25,1
DuPage,Rehab Without Walls,16,0,0.0,1
Cook,RML Specialty Hospital Hinsdale,16,1,0.0625,1
DuPage,Oak Trace Skilled Nursing,16,0,0.0,2
DuPage,Wynscape Health and Rehabilitation,16,0,0.0,3
Sangamon,Concordia Village Senior ,16,0,0.0,1
Ford,Accolade Senior Living,16,0,0.0,1
Cook,Westminster Place,16,0,0.0,1
Cook,PACTT Learning -Oak Park,16,0,0.0,1
Cook,The Hartwell,16,0,0.0,1
Cook,The Mather,16,1,0.0625,1
Madison,Cedarhurst of Collinsville,15,1,0.06666666666666667,1
Cook,Kensington Place Nursing And Rehabilitation Center,15,2,0.13333333333333333,1
McHenry,Fair Oaks Health Care Center,15,3,0.2,1
Cook,Presence St. Benedict,15,3,0.2,1
Cook,Central Baptist Village,15,1,0.06666666666666667,2
Will,Aperion Wilmington,15,0,0.0,3
Cook,Brookdale Orland Park,15,6,0.4,1
St. Clair,Four Fountains2,15,1,0.06666666666666667,1
Lake,Charter Senior Living LLC,15,0,0.0,1
DeKalb,Opportunity House,15,0,0.0,1
Bureau,Aperion Care- Princeton,15,1,0.06666666666666667,1
Cook,Holy Family Villa,15,4,0.26666666666666666,2
Champaign,University Rehab Center,14,0,0.0,2
Kane,Fox knoll,14,2,0.14285714285714285,1
McHenry,Revere Court of Crystal Lake,14,3,0.21428571428571427,1
Adams,Cedarhurst,14,0,0.0,1
Whiteside,Citadel of Sterling ,14,0,0.0,1
Lake,The Village at Victory Lakes,14,1,0.07142857142857142,1
Cook,Weinberg Senior Living,14,0,0.0,1
Cook,Emerald Place Memory Care,14,2,0.14285714285714285,2
Cook,Wesley Place,14,0,0.0,2
Winnebago,East Bank Center,14,0,0.0,2
Kane,Greenfields of Geneva,14,0,0.0,2
Winnebago,Medina Nursing Center,13,0,0.0,1
Lake,Auberge at Highland Park,13,0,0.0,1
Monroe,Cedarhurst of Waterloo,13,0,0.0,1
Lake,Lambs Farm,13,0,0.0,1
McLean,The Lofts Rehabilitation and Nursing of Normal,13,1,0.07692307692307693,1
Adams,Good Samaritan Home,13,1,0.07692307692307693,1
Kane,Northern Illinois Academy,13,0,0.0,1
Cook,Three Crowns Park,13,0,0.0,1
Cook,Aspire Living Prospect Heights,13,1,0.07692307692307693,1
Kane,Riverview Rehab Center,13,0,0.0,1
Montgomery,Tremont Ridge,13,3,0.23076923076923078,1
Cook,The Reserve at Arlington Heights,13,1,0.07692307692307693,1
LaSalle,Heritage Health Peru,13,0,0.0,1
DuPage,Sunrise Fountain Square Lombard,13,1,0.07692307692307693,1
St. Clair,Cedarhurst of Shiloh,13,0,0.0,1
Cook,North Shore Place,13,0,0.0,2
Madison,Elmwood Nursing and Rehab,13,0,0.0,1
Cook,Presence MaryHaven,13,4,0.3076923076923077,1
Cook,Pershing Garden,13,4,0.3076923076923077,1
Jefferson,Lavender Ridge Memory Care,13,3,0.23076923076923078,1
Cook,Misericordia - Marian Center,13,0,0.0,1
Lake,Rolling Hills Manor,12,1,0.08333333333333333,2
DuPage,Sunrise of Willowbrook Assisted Living,12,1,0.08333333333333333,1
LaSalle,Ottawa Pavilion,12,0,0.0,1
Cook,Margaret Manor Central,12,1,0.08333333333333333,1
Tazewell,Apostolic Christian Restmor,12,0,0.0,1
Kane,White Oaks Spring Street,12,2,0.16666666666666666,1
Cook,Sunrise of Flossmore,12,6,0.5,1
Brown,Heritage Health,12,0,0.0,1
Kane,Batavia Rehabilitation Center,12,2,0.16666666666666666,1
Cook,Manor Care Palos Heights East,12,1,0.08333333333333333,1
Madison,Evergreen Place,12,1,0.08333333333333333,1
Cook,Covenant Home of Chicago,12,0,0.0,2
McHenry,Eastgate Manor of Algonquin,12,0,0.0,1
McDonough,The Lamoine Assisted Living & Memory Care,12,1,0.08333333333333333,1
Cook,Brookdale - Lake Shore,12,0,0.0,1
DuPage,West Chicago Terrace,12,0,0.0,2
Cook,Victory Centre of Sierra Ridge,12,1,0.08333333333333333,1
DuPage,Winfield Woods Healthcare Center,12,0,0.0,2
Sangamon,Heritage Health Springfield,12,0,0.0,1
Logan,Vonderlieth Living Center,12,1,0.08333333333333333,1
Cook,Brookdale Hoffman Estates,12,0,0.0,1
Warren,Monmouth Nursing Home,12,2,0.16666666666666666,1
Lake,Sunrise of Barrington,11,3,0.2727272727272727,2
DuPage,Saratoga Grove,11,0,0.0,2
Madison,Cedarhurst of Highland,11,0,0.0,2
Madison,Cedarhurst of Bethalto,11,0,0.0,2
DuPage,Naperville Manor Health & Rehab Center,11,1,0.09090909090909091,1
Wabash,Oakview Nursing and Rehabilitation,11,0,0.0,1
Piatt,Arbor Rose of Monticello,11,0,0.0,1
LaSalle,Heritage Health Streator,11,0,0.0,1
Kane,Grove of St. Charles,11,2,0.18181818181818182,1
Will,"Charter Senoir Living, The Cottages",11,2,0.18181818181818182,1
St. Clair,Integrity Care of Belleville,11,1,0.09090909090909091,1
Kane,Heritage Woods and White Oaks of Huntley,11,0,0.0,1
DuPage,Westbridge Assisted Living Wheaton,11,5,0.45454545454545453,2
Lake,Azpira Place of Lake Zurich,11,1,0.09090909090909091,1
Winnebago,TLC Living Community,11,1,0.09090909090909091,1
Cook,Inverness Health and Rehab Center,11,0,0.0,1
Kane,Sunnymere,11,0,0.0,1
Cook,Symphony Residences at Lincoln Park,11,0,0.0,1
Cook,Avenues to Independence,11,0,0.0,1
Cook,Prairie Green at Fays Point,11,3,0.2727272727272727,1
Cook,Avantara Park Ridge,11,2,0.18181818181818182,2
Cook,The Grove of La Grange,11,1,0.09090909090909091,2
Champaign,Bickford Senior Living,10,3,0.3,1
Douglas,Tuscola Health Care Center,10,1,0.1,1
Moultrie,Aspen Creek of Sullivan,10,0,0.0,1
Cass,Heritage Health,10,0,0.0,1
Madison,Liberty Village of Maryville,10,0,0.0,1
Lake,Brookdale - Hawthorn Lakes,10,0,0.0,1
Cook,Lexington Of Chicago Ridge,10,0,0.0,1
Cook,The Sheridan of Park Ridge,10,3,0.3,1
Champaign,Eagles View Supportive Living and Memory Care,10,0,0.0,1
McLean,MarcFirst,10,0,0.0,1
Cook,Skokie Meadows,10,0,0.0,1
Cook,St Joseph Home For the Elderly,10,0,0.0,1
Macoupin,Sunset Skilled Nursing & Rehab,10,0,0.0,1
Cook,St. Joseph Village of Chicago,10,0,0.0,2
DuPage,The Birches Assisted Living Clarendon Hills,10,0,0.0,1
Rock Island,Friendship Manor ,10,0,0.0,1
Cook,Country Club Terrace,10,0,0.0,1
Madison,Cedarhurst of Godfrey,10,0,0.0,1
Cook,Alden Wentworth Rehab & Healthcare Center,10,0,0.0,1
Cook,Palos Hills Healthcare,10,2,0.2,1
Madison,Care Center at Center Grove,10,0,0.0,1
McLean,The Villas of Holly Brook,10,0,0.0,1
Randolph,Cedarhurst of Sparta,10,0,0.0,2
Williamson,Integrity Healthcare of Herrin,10,2,0.2,1
Cook,Brandel Care Center,10,0,0.0,1
Sangamon,Cedarhurst Assisted Living and Memory Care,9,1,0.1111111111111111,1
St. Clair,Parkway Gardens,9,0,0.0,1
Tazewell,Generations at Riverview,9,2,0.2222222222222222,2
Winnebago,Highview in the Woodlands (2),9,0,0.0,1
Peoria,Evergreen Senior Living,9,1,0.1111111111111111,1
St. Clair,Freeburg  Care  Center,9,0,0.0,1
Vermilion,Hawthorne Inn,9,0,0.0,1
Kane,Alden Estates Courts of Huntley ,9,0,0.0,1
DuPage,Sunrise of Bloomingdale Assisted Living,9,1,0.1111111111111111,2
Cook,Victory Centre of Riverwoods,9,4,0.4444444444444444,1
Cook,Asbury Court Senior Living,9,1,0.1111111111111111,1
Cook,Greenview Place Senior Living,9,0,0.0,1
Champaign,Country Health and Rehab,9,0,0.0,2
Cook,Aperion Care Burbank,9,1,0.1111111111111111,2
Cook,Evergreen Senior Living,9,4,0.4444444444444444,1
Cook,Madden Mental Health Center,9,0,0.0,1
Kane,The Grove Fox Valley,9,0,0.0,2
Kane,The Grove St. Charles ,9,0,0.0,2
Cook,Lexington Health Care Center of Chicago Ridge,9,0,0.0,1
Cook,Revere Court of South Barrington,9,2,0.2222222222222222,1
Cook,Oak Park Arms,9,2,0.2222222222222222,1
DuPage,Oak Trace,9,3,0.3333333333333333,1
Adams,Sunset Home,9,0,0.0,1
Cook,Aperion Care Midlothian,8,0,0.0,2
Lake,Victory Centre of  Vernon Hills,8,0,0.0,1
McLean,Westminster Village Assisted Living ,8,0,0.0,1
Will,Symphony of Joliet,8,0,0.0,2
Will,Lakeshore Rehab & Healthcare,8,0,0.0,2
McLean,Westminster Village-Martin Health,8,0,0.0,1
Cook,Abington of Glenview,8,1,0.125,1
Cook,Greenwood Care-Evanston,8,0,0.0,1
Cook,Oasis,8,0,0.0,1
McDonough,Mosaic,8,0,0.0,1
St. Clair,Knollwood,8,1,0.125,1
Cook,Berkeley Nursing and Rehabilitation Center,8,3,0.375,2
St. Clair,Sycamore Village,8,0,0.0,1
Kane,Brighton Gardens ,8,0,0.0,1
Jasper,Villas of Hollybrook,8,0,0.0,1
Cook,Bridgeview Health Care Center,8,1,0.125,1
Kane,Association for Individual Development - Violet,8,0,0.0,1
Wayne,Fairfield Memorial Hospital,8,2,0.25,1
Vermilion,Colonial Manor,8,0,0.0,1
Kane,Alden Estates-Courts of Huntley ,8,0,0.0,1
Adams,Bradford Villa,8,1,0.125,1
Kane,Alden Courts of Waterford,8,0,0.0,1
Clark,Villas of Holly Brook Marshall,8,0,0.0,1
Cook,Brookdale Prospect Heights,8,1,0.125,1
Peoria,Sharon Healthcare Elms,8,0,0.0,1
Cook,Victory Center of Bartlett,8,1,0.125,2
Kankakee,Riverside Senior Life at Bourbonnais,8,0,0.0,1
DuPage,Brookdale Lisle Assisted and Independent Living,8,0,0.0,1
Champaign,Brookdale Urbana,8,1,0.125,1
Cook,Sheridan Park Ridge,8,0,0.0,1
Kendall,Hillside Rehab and Care,8,2,0.25,1
Knox,Serenity of Galesburg,8,0,0.0,1
Christian,Lifes Journey,8,2,0.25,1
DuPage,Brookdale Glen Ellyn,8,1,0.125,1
Richland,Carle Richland Memorial Hospital Long Term Care,8,0,0.0,1
Kankakee,Presence Our Lady of Victory,8,0,0.0,1
Cook,Presence Resurrection Retirement Community,8,0,0.0,2
DuPage,Alden Trails,8,0,0.0,2
Winnebago,Luther Center Assisted Living,8,0,0.0,1
Kane,Arden Courts of Geneva,7,2,0.2857142857142857,1
Livingston,Evenglow Lodge,7,0,0.0,1
Kendall,Symphony at the Tillers of Oswego,7,0,0.0,1
Lake,Arboria of Long Grove,7,0,0.0,2
Cook,Ludeman Center,7,0,0.0,1
Lake,Glenkirk Acorn CILA,7,1,0.14285714285714285,1
Marion,Doctors Nursing and Rehab Center,7,0,0.0,1
St. Clair,Memorial Convalescent Center,7,0,0.0,1
Pike,Pittsfield Manor,7,0,0.0,1
Kane,Heritage Woods of South Elgin ,7,2,0.2857142857142857,2
Kane,Fox Knoll,7,0,0.0,2
Peoria,Aperion Care Peoria Heights,7,0,0.0,1
Lake,Gurnee Meadows,7,0,0.0,1
Cook,The Mather Evanston,7,0,0.0,1
Pike,Eastside Health & Rehab,7,0,0.0,1
McHenry,Hearthstone Manor  (2),7,0,0.0,1
Coles,Villas of Holly,7,0,0.0,1
Will,Timbers of Shorewood,7,1,0.14285714285714285,2
Lake,Rolling Hills Place,7,1,0.14285714285714285,1
Clinton,Villa Catherine,7,0,0.0,1
DuPage,Lexington Square Lombard,7,0,0.0,2
Peoria,Sharon Healthcare Willows,7,0,0.0,1
Lake,The Auberge At Highland Park,7,3,0.42857142857142855,1
Peoria,University Rehab at Northmoor,7,1,0.14285714285714285,2
Cook,Progressive Housing,7,3,0.42857142857142855,1
Vermilion,Illiana Va Medical,7,0,0.0,1
Rock Island,Overlook Village,7,0,0.0,1
Scott,Shelby County Community Servicesi,7,0,0.0,1
Vermilion,Gardenview Manor,7,0,0.0,2
Kane,The Sheridan at Tyler Creek,7,0,0.0,2
Kane,The Grove of Fox Valley,7,0,0.0,1
DuPage,The Pearl Naperville,7,0,0.0,1
Lake,ELEVATE CARE WAUKEGAN,7,0,0.0,1
Tazewell,Apostolic Christian Timber Ridge,6,0,0.0,1
Madison,Integrity Healthcare of Alton,6,0,0.0,1
Peoria,Sharon Healthcare - Woods,6,1,0.16666666666666666,1
Cook,Covenant Enabling Residence,6,0,0.0,1
Cook,Caledonia Senior Living & Memory Care,6,0,0.0,1
Stephenson,Heritage Woods,6,0,0.0,1
Sangamon,Centennial Pointe,6,1,0.16666666666666666,1
Madison,Villas of Holly Brook-Bethalto,6,0,0.0,1
McHenry,Mercy Harvard Care Center,6,0,0.0,1
DuPage,Harbor Chase of Naperville,6,0,0.0,1
DuPage,Maple Glen Memory Care,6,0,0.0,1
DuPage,Park Place Health and Wellness,6,0,0.0,1
Cook,Oak Lawn Respiratory and Rehab,6,1,0.16666666666666666,1
McHenry,The Fountains at Crystal Lake (#3),6,0,0.0,1
Shelby,Villas of Holly Brook-Shelbyville,6,0,0.0,1
St. Clair,Bradford Place2,6,0,0.0,1
St. Clair,Marka Nursing and Rehabilitation,6,0,0.0,1
Cook,The Auberge at Morton Grove,6,0,0.0,1
Monroe,Cedarhurst Senior Living -Waterloo,6,0,0.0,1
Cook,LITTLE SISTERS OF THE POOR ST MARYS HOME,6,0,0.0,1
St. Clair,Colonnade,6,0,0.0,1
Ogle,Rochelle Rehab & Healthcare Center,6,0,0.0,1
Cook,Grand Regency of South Shore,6,0,0.0,1
Madison,Collinsville Rehabilitation and Healthcare,6,2,0.3333333333333333,1
Perry,Manor of Mason Woods,6,1,0.16666666666666666,1
Kane,River Glen,6,0,0.0,1
Kankakee,Heritage Village,6,0,0.0,2
Cook,Belmont Oak Park,6,2,0.3333333333333333,1
Kane,Dunham Rehabilitation Center,6,1,0.16666666666666666,1
Boone,Park Place of Belvidere,6,0,0.0,1
Macon,Imboden Creek,6,0,0.0,1
Will,Harbor Chase of Plainfield,6,1,0.16666666666666666,1
Lake,Sunrise of Buffalo Grove,6,0,0.0,2
Clinton,Warren G. Murray Developmental Center,6,0,0.0,1
Lake,Heritage Woods of Gurnee,6,0,0.0,2
Logan,Christian Nursing Home,6,0,0.0,2
Kane,Michealsen Health Center ,6,0,0.0,1
Will,Marley Oaks,6,1,0.16666666666666666,1
Cook,Alden Estates of Skokie,6,0,0.0,1
Kankakee,Bickford Senior Center of Bourbonnais,6,1,0.16666666666666666,1
Lake,Thrive of Lake County,6,1,0.16666666666666666,1
Boone,Maple Crest Care Center,6,0,0.0,1
Cook,Avanti Nursing and Rehab,6,1,0.16666666666666666,1
Kane,Dunham Rehab & Healthcare,6,0,0.0,2
Champaign,Autumn Fields-Savoy,6,0,0.0,1
Wayne,Aperion Care Fairfield,6,1,0.16666666666666666,1
Lake,"Bayside Terrace, LLC",6,0,0.0,1
Champaign,Evergreen Place,6,0,0.0,1
Kane,Alden of Waterford ,6,0,0.0,1
Champaign,Green House Homes at Clark-Lindsey,6,0,0.0,2
Madison,Alhambra Rehab and Healthcare,6,0,0.0,1
Williamson,Villas Of Hollybrook,6,0,0.0,1
Macoupin,Sunrise Skilled Nursing Facility,6,0,0.0,1
Kankakee,Kankakee terrace,5,0,0.0,1
Cook,Pauls House and Healthcare Center,5,0,0.0,1
Kankakee,Aperion Care Bradley,5,0,0.0,2
DuPage,Cedarhurst of Naperville,5,1,0.2,1
Sangamon,Lewis Memorial Christian Village,5,0,0.0,1
DuPage,Alden of Old Town East,5,0,0.0,2
Coles,Mattoon Healthcare,5,0,0.0,2
McLean,McLean County Nursing Home,5,0,0.0,1
Kankakee,Citadel Care Center of Kankakee,5,0,0.0,1
Moultrie,Mason Point,5,2,0.4,1
Lake,Glenkirk West Shore CILA,5,0,0.0,1
Winnebago,Fairhaven Christian Retirement Center (2),5,0,0.0,1
Coles,Brookstone Estates North,5,0,0.0,1
Williamson,Fifth Seasons,5,0,0.0,1
Sangamon,Aperion Care Capitol,5,0,0.0,1
Cook,Brookdale Assisted living,5,1,0.2,1
Lake,Prarieview at the Garlands,5,1,0.2,1
DuPage,Lexington Square Elmhurst AL/IL,5,0,0.0,2
Clark," Villas of Holly Brook Marshall, Clark ",5,0,0.0,1
Lake,Spring Meadows Libertyville,5,0,0.0,1
Champaign,Villas of Hollybrook-Rantoul,5,0,0.0,1
McLean,Aperion Care-Bloomington,5,0,0.0,1
Cook,Brookdale Northbrook ,5,3,0.6,1
DuPage,Alden Village,5,0,0.0,1
Cook,Atria Glenview,5,0,0.0,1
Union,Illinois Veterans Home Anna,5,0,0.0,1
Madison,Cambridge House of Maryville,5,0,0.0,1
Kane,Bright Oaks,5,0,0.0,1
Cook,Crestwood Terrace,5,0,0.0,1
Macoupin,Village of Morse Farms,5,0,0.0,1
Boone,Heritage of Woods,5,1,0.2,1
Cook,Bria Place,5,0,0.0,1
Cook,El Valor,5,0,0.0,1
Macoupin,Carlinville Rehabilitation and Health Care Center,5,0,0.0,1
Fulton,Farmington County Manor,5,0,0.0,1
Franklin,Helia Healthcare of Benton,5,0,0.0,1
Kane,White Oaks at South Elgin,5,1,0.2,1
Cook,Autumn Green at Midway Village,5,1,0.2,2
Cook,Heritage Woods,5,0,0.0,1
McHenry,Hearthstone Village,5,0,0.0,1
Kane,Vistas Fox Valley,5,0,0.0,1
St. Clair,Aperion Care,5,2,0.4,1
Cook,Ashbury Senior Living,5,0,0.0,1
Ogle,Generations At Neighbors,5,0,0.0,1
St. Clair,Cambridge House,5,0,0.0,1
Ford,Accolade Healthcare,5,0,0.0,1
Cook,Leeda Services,5,0,0.0,1
Winnebago,Peterson Meadows,4,1,0.25,1
Richland,Emerald Glen,4,0,0.0,1
Adams,Senior Center,4,2,0.5,1
Richland,Helia Healthcare of Olney,4,0,0.0,1
Champaign,Arbor Rose of Tolono,4,0,0.0,1
Winnebago,Van Matre Encompass Health,4,0,0.0,1
Winnebago,Prairie View Assisted Living (2),4,0,0.0,1
Champaign,Champaign-Urbana Nursing and Rehab,4,1,0.25,1
Cook,Montclare Supportive Living,4,0,0.0,1
Winnebago,Cor Mariae,4,0,0.0,1
Champaign,University Rehabilitation Center,4,0,0.0,1
Cook,Citadel of Skokie  (3),4,0,0.0,1
Tazewell,Villas of Hollybrook,4,0,0.0,1
Stephenson,Manor Court ,4,0,0.0,1
St. Clair,The Assisted Living at Silver Crrek,4,0,0.0,1
Cook,Fairmont Care Center,4,0,0.0,1
Cook,GOLFVIEW DEVELOPMENTAL CENTER,4,0,0.0,1
Will,Arbor Terrace of Naperville,4,0,0.0,1
Will,Heritage Woods of Plainfield,4,1,0.25,1
Cook,Alden North Shore ,4,0,0.0,1
Will,Rock Run Place,4,0,0.0,1
Cook,Manor Care Health Services- Palos Heights West,4,0,0.0,1
Sangamon,Villas of Holly Brook and Reflections Memory Care,4,0,0.0,1
Sangamon,Heritage Health: Therapy & Senior Care - Springfie,4,0,0.0,1
Sangamon,Cedarhurst Senior Living,4,0,0.0,1
Cook,Pine Crest Healthcare,4,1,0.25,1
Lake,Azira Place of Lake Zurich,4,0,0.0,1
Adams,Adams Pointe Senior Living,4,0,0.0,1
Iroquois,Arcadia Care Clifton (formerly Merkle Knipprath),4,0,0.0,1
Kankakee,Presence Our Lady of Victory - Ascension Living,4,1,0.25,1
Kankakee,Momence Meadows Nursing & Rehabilitation Center ,4,0,0.0,1
Kane,Eden Supportive Living,4,0,0.0,2
Jo Daviess,Galena Stauss Senior Care,4,0,0.0,1
Morgan,Heritage Health Care Center,4,0,0.0,1
Morgan,Cedarhurst of Jacksonville,4,0,0.0,1
Kankakee,Kankakee Senior Life Assisted Living,4,0,0.0,1
Ford,Gibson Area Hospital Annex,4,0,0.0,1
Madison,Eden Village Retirement Communtiy,4,0,0.0,1
Kankakee,Harvest View Senior Living,4,0,0.0,1
Lake,The Village at Victory Lakes Continuing Care Cente,4,0,0.0,1
DuPage,Harbor Chase of Naperville Assisted Living,4,0,0.0,1
Kane,Aperion Care Elgin,4,0,0.0,1
Kane,Symphony Orchard Valley,4,0,0.0,1
Effingham,The Glenwood,4,0,0.0,1
Macoupin,Heritage Health - Staunton ,4,0,0.0,1
DuPage,St. Patricks Residence Nursing & Rehabilitation,4,0,0.0,1
DuPage,Sunrise of Bloomingdale,4,0,0.0,1
Kane,Marklund Hyde Center,4,0,0.0,1
Macoupin,Heritage Health ,4,0,0.0,1
Peoria,Sharon Healthcare Willows South,4,1,0.25,1
Lake,Stonebridge of Gurnee,4,0,0.0,1
Kane,GreenFields of Geneva,4,0,0.0,1
Knox,Hawthorne Terrace,4,0,0.0,1
DeKalb,Prairie Crossing Living and Rehab,4,0,0.0,1
Lake,Anthology Grayslake,4,0,0.0,1
DuPage,Bridgeway of Bensenville,4,0,0.0,1
Knox,Marigold,4,0,0.0,1
Jackson,Prairie Living at Chautauqua,4,1,0.25,1
DuPage,Alden Old Town East,4,0,0.0,1
Marion,Heritage Woods of Centralia,4,0,0.0,1
Lake,Lake Forest Place - Balmoral,4,0,0.0,1
Madison,Hitz Memorial Home,4,0,0.0,1
Kendall,Association for Individual Development (A.I.D),4,3,0.75,1
Macoupin,Carlinville Heritage Health,3,0,0.0,1
Kane,Brighton Garden of St Charles,3,1,0.3333333333333333,1
Cook,"David Webb, Jr. Senior Living Complex",3,2,0.6666666666666666,1
Cook,Bickford of Tinley Park,3,0,0.0,1
Cook,Bellwood Developmental Center,3,0,0.0,1
Whiteside,Winning Wheels,3,0,0.0,1
Cook,Beechwood Manor,3,0,0.0,1
Iroquois,Prairieview Lutheran Homes,3,0,0.0,1
Cook,Chalet Living and Rehab,3,0,0.0,1
White,Carmi Manor,3,0,0.0,1
Jefferson,Mt. Vernon Countryside Manor,3,0,0.0,1
Jersey,Jerseyville Estates,3,0,0.0,1
Kane,Alden Gardens of Waterford,3,0,0.0,1
Tazewell,Pekin Manor,3,0,0.0,1
Cook,Clearbrook West,3,0,0.0,1
Tazewell,UAW Senior Citizens Center,3,0,0.0,1
Cook,Clear Oaks Senior Living,3,0,0.0,1
Cook,Burbank Rehabilitation,3,0,0.0,1
Madison,Faith Countryside,3,0,0.0,1
Madison,Granite Nursing and Rehabilitation Center,3,1,0.3333333333333333,1
Cook,Continental Nursing #2,3,0,0.0,1
Cook,Calumet City Terrace,3,0,0.0,1
Kane,MarkLund Hyde Center,3,0,0.0,1
Winnebago,Alden Debes Rehabilitation & Health Care Center,3,0,0.0,1
Adams,Chaddock,3,0,0.0,1
Woodford,Apostolic Christian Home of Roanoke ,3,0,0.0,1
Winnebago,Walter Lawson Childrens,3,0,0.0,1
Winnebago,The Atrium Memory Care Community,3,0,0.0,1
Winnebago,Siena on Brendenwood,3,0,0.0,1
Winnebago,Riverbluff Nursing Home ,3,0,0.0,1
LaSalle,Hawthorne Inn Assisted Living,3,0,0.0,1
Winnebago,NorthPointe Terrace (3),3,0,0.0,1
Winnebago,Mosaic - Appletree Group Home,3,0,0.0,1
Bureau,St. Margarets Living Center,3,0,0.0,1
Knox,Heartland Health,3,0,0.0,1
Winnebago,Fair Oaks Rehabilitation and Health Care Center,3,0,0.0,1
Kendall,Hillside Rehab and Care Center,3,1,0.3333333333333333,1
Lake,Pavilion of Waukegan,3,0,0.0,1
Williamson,Integrity Healthcare of Marion,3,0,0.0,1
Logan,St. Claras Manor,3,0,0.0,1
Clark,Marshall Rehab,3,0,0.0,1
Clay,Heritage Woods of Flora ,3,0,0.0,1
Lake,Sunrise of Gurnee,3,0,0.0,1
Lake,Symphony of Buffalo Grove,3,0,0.0,1
Lake,The Grove at the Lake,3,0,0.0,1
Lake,Victory Centre of Vernon Hills,3,0,0.0,1
Cook,Alden Estates of Skokie ,3,0,0.0,1
Cook,Alden Town Manor Care,3,0,0.0,1
Cook,All Saints,3,0,0.0,1
Hancock,Montebello Healthcare Center,3,1,0.3333333333333333,1
Kane,Northern Illinois Academy ,3,0,0.0,1
Livingston,Heritage Health - Dwight,3,0,0.0,1
Logan,Generations at Lincoln,3,0,0.0,1
Will,Heritage Woods of Bolingbrook,3,0,0.0,1
Lawrence,United Methodist Village,3,0,0.0,1
Cook,Villas South Holland,3,0,0.0,1
Marion,Bryan Manor,3,0,0.0,1
Rock Island,Heritage Woods of Moline,3,0,0.0,1
Rock Island,Amber Ridge,3,0,0.0,1
St. Clair,Caseyville Care Center2,3,0,0.0,1
Cook,The Mooring of Arlington heights,3,0,0.0,1
DuPage,Belmont Village Senior Living,3,0,0.0,1
Effingham,LAKELAND REHABILITATION & HEALTH CARE,3,0,0.0,1
St. Clair,Bradford Place,3,0,0.0,1
Cook,MacNeal Memorial Hospital Rehab/LTC,3,0,0.0,1
McHenry,Melody Living in LITH,3,0,0.0,1
Cook,Sunrise of Lincoln Park,3,0,0.0,1
McHenry,Sunrise of Crystal Lake Assisted Living and Memory,3,0,0.0,1
Randolph,Three Springs Lodge,3,0,0.0,1
Cook,Sunrise Palos Park,3,1,0.3333333333333333,1
Morgan,The Pointe,3,0,0.0,1
McHenry,Valley Hi,3,0,0.0,1
Sangamon,Hope School James Group Home,3,0,0.0,1
DuPage,Cedarhurst Naperville,3,0,0.0,1
Rock Island,Park Vista,3,0,0.0,1
Morgan,Heritage Health Jacksonville,3,0,0.0,1
Cook,Presence Maryhaven,3,0,0.0,1
DuPage,Forest View Rehabilitation & Nursing Center,3,0,0.0,1
St. Clair,Cedarhurst of Shiloh2,3,0,0.0,1
Cook,Pioneer Gardens,3,0,0.0,1
St. Clair,Morningside of Shiloh,3,0,0.0,1
Marion,Twin Willows Nursing Center,3,0,0.0,1
St. Clair,Swansea Care & Rehab2,3,0,0.0,1
Cook,Westbrook Senior Living,3,0,0.0,1
McDonough,The Elms Nursing Home,3,0,0.0,1
Marion,Centralia Manor,3,0,0.0,1
Marion,Fireside House of Centralia,3,0,0.0,1
Cook,Good Shepherd Manor,3,1,0.3333333333333333,1
Cook,Franciscan Village - Mother Teresa House,3,0,0.0,1
McDonough,Courtyard Estates,3,0,0.0,1
Cook,Victory Center of Park Forest,2,0,0.0,1
Lake,Radford Green of Sedgebrook,2,0,0.0,1
Williamson,Villas of Hollybrook ,2,0,0.0,1
Williamson,The Anchor of the Voyage Senior Living ,2,0,0.0,1
Christian,Prairie Rose,2,0,0.0,1
Christian,Taylorville Estates,2,0,0.0,1
Lake,Seymour Terrace ,2,0,0.0,1
Christian,Taylorville Hickory Estates,2,0,0.0,1
Williamson,Fifth Seasons Assisted Living ,2,0,0.0,1
Christian,Hickory Estates of Pana,2,0,0.0,1
Christian,Villas of Holly Brook,2,0,0.0,1
Crawford,Heritage Health,2,0,0.0,1
Will,WILLOW FALLS ASSISTED LIVING,2,0,0.0,1
Lake,Sunrise Senior Living of Gurnee,2,0,0.0,1
DeKalb,Bethany Rehab and Health Care Center #2,2,0,0.0,1
Woodford,Snyder Village Assisted Living ,2,0,0.0,1
Lake,Sunrise of Highland Park,2,0,0.0,1
DeKalb,Heritage Woods of DeKalb,2,0,0.0,1
Lake,Alden of Long Grove Rehab and HCC,2,0,0.0,1
Christian,Heritage Health of Pana,2,0,0.0,1
Lake,Cottages of Fox Lake,2,0,0.0,1
Bureau,Heritage Health,2,0,0.0,1
DuPage,Alden Old Town West,2,0,0.0,1
Winnebago,North Pointe Terrace (2),2,0,0.0,1
DuPage,Alden Springs ,2,0,0.0,1
DuPage,Artis Elmhurst,2,0,0.0,1
Knox,Kensington Nursing Home,2,0,0.0,1
Cook,Victory Center Sierra Ridge,2,0,0.0,1
Cook,Victory Center of River Oaks,2,0,0.0,1
Knox,Courtyard Estates of Knoxville,2,0,0.0,1
Lake,Lake Barrington Woods,2,0,0.0,1
Clinton,Warren G Murray Developmental Center,2,0,0.0,1
LaSalle,Heritage Woods of Ottawa,2,0,0.0,1
DuPage,Alden Gardens of Bloomingdale Supportive Living ,2,0,0.0,1
Cook,The Grove,2,0,0.0,1
Lake,Mount St. Josephs,2,0,0.0,1
Lake,Brookdale- Hawthorn Lakes,2,0,0.0,1
Lake,Oak Hill Supportive Living ,2,0,0.0,1
Lake,APERION CARE HIGHWOOD,2,0,0.0,1
Champaign,Illini Heritage Rehab and Health,2,0,0.0,1
Cook,The Auberge,2,0,0.0,1
Douglas,Arcola Health Care,2,0,0.0,1
Cook,Thornton Heights Terrace,2,0,0.0,1
Kane,South Elgin Rehab ,2,0,0.0,1
Cook,Presence Bethlehem Woods,2,0,0.0,1
Franklin,Benton Health Care,2,0,0.0,1
Fayette,Sarah Bush Lincoln Fayette County Hospital,2,0,0.0,1
McHenry,Crossroads Care Center,2,0,0.0,1
Wayne,Cisne Rehab and Health Care Center,2,0,0.0,1
Ford,Accolade Healthcare of Paxton Senior Living,2,0,0.0,1
Madison,Cedarhurst of Edwardsville,2,0,0.0,1
Washington,"Washington County Hospital, Long Term Care Unit",2,1,0.5,1
Warren,Courtyard Estates of Monmouth,2,0,0.0,1
Jo Daviess,Waverly Place of Stockton,2,0,0.0,1
McDonough,Wesley Village Healthcare,2,1,0.5,1
Cook,Heartis Village of Orland Park,2,0,0.0,1
Vermilion,Heritage Health,2,0,0.0,1
Jersey,Jerseyville Nursing and Rehab Facility,2,0,0.0,1
Madison,Faith Coutryside Homes Assisted Living,2,0,0.0,1
Montgomery,Montgomery Nursing and Rehab Center,2,0,0.0,1
Franklin,Helia Healthcare Frankfort Care Center,2,0,0.0,1
Madison,Highland Healthcare,2,0,0.0,1
Cook,Garden Center Services-home facility,2,0,0.0,1
Franklin,Westside Rehab and CAre,2,0,0.0,1
Mason,Havana Health Care ,2,0,0.0,1
Cook,Concord  Place,2,0,0.0,1
Cook,Friendship Village of Schaumburg,2,0,0.0,1
Tazewell,Lakeside Rehab and Healthcare,2,0,0.0,1
Tazewell,Generations Riverview Senior Living,2,0,0.0,1
Cook,DD Homes,2,0,0.0,1
Cook,Eden Supportive Living,2,0,0.0,1
St. Clair,The Esquiline - Dammert Center,2,0,0.0,1
Effingham,Lutheran Care Center,2,0,0.0,1
Cook,MADO Healthcare Uptown #2,2,0,0.0,1
Cook,Bethane Place,2,0,0.0,1
Whiteside,Kreiders ,2,0,0.0,1
Montgomery,Hillsboro Rehab And Healthcare,2,0,0.0,1
DuPage,Independence Spring Meadows Naperville,2,0,0.0,1
Lake,Village at Victory Lakes,2,0,0.0,1
Cook,Park Lawn Residential Center,2,0,0.0,1
DuPage,Lacey Creek Supportive Living,2,0,0.0,1
Cook,Alden North Shore,2,0,0.0,1
St. Clair,The Atrium,2,0,0.0,1
DuPage,Park Place Health and Wellness Center ,2,0,0.0,1
DuPage,Philip J Rock Center & School ,2,0,0.0,1
Sangamon,Timberlake Supportive Living,2,0,0.0,1
Cook,New City Supportive Living,2,0,0.0,1
McHenry,Three Oaks Assisted Living and Memory Care,2,0,0.0,1
DuPage,Tabor Hills Supportive Living,2,0,0.0,1
Cook,Marklund Wasmond Center,2,0,0.0,1
McHenry,The Fountains (2),2,0,0.0,1
Macon,Eagle Ridge Assisted Living Center,2,0,0.0,1
Shelby,Shelbyville Rehabilitation and Health Care Center,2,0,0.0,1
Kane,Ekstam Assisted Living,2,0,0.0,1
Cook,Autumn Green at Wright Campus,2,0,0.0,1
Macon,Primrose Retirement Community of Decatur,2,0,0.0,1
Cook,Barton Senior Living,2,0,0.0,1
DuPage,Thrive of Lisle Rehabilitation Center,2,0,0.0,1
Whiteside,Windsor Manor Morrison,2,0,0.0,1
Cook,Bellwood Development Center,2,0,0.0,1
Whiteside,Pleasant View Rehab,2,0,0.0,1
DeKalb,Bethany Rehabilitation and Health Care Center,2,0,0.0,1
