reporting_date,County,FacilityName,confirmed_cases,deaths,status,CFR,outbreaks,county-facName,CMS_ProvNum
2020-09-18,Adams,Adams Pointe Senior Living,4,0,Closed,0.0,1,ADAMS-ADAMS POINTE SENIOR LIVING,No Match
2020-09-18,Adams,Bradford Villa,8,1,Open,0.125,1,ADAMS-BRADFORD VILLA,No Match
2020-09-18,Adams,Golden Good Shepperd Home,5,0,Open,0.0,1,ADAMS-GOLDEN GOOD SHEPPERD HOME,No Match
2020-09-18,Adams,Good Samaritan Home,5,1,Open,0.2,1,ADAMS-GOOD SAMARITAN HOME,145773
2020-09-18,Adams,Illinois Veterans Home,40,2,Open,0.05,1,ADAMS-ILLINOIS VETERANS HOME,No Match
2020-09-18,Adams,Senior Center,4,2,Open,0.5,1,ADAMS-SENIOR CENTER,No Match
2020-09-18,Bond,Cedarhurst of Greenville,11,0,Open,0.0,1,BOND-CEDARHURST OF GREENVILLE,No Match
2020-09-18,Bond,Greenville Nursing & Rehab,6,0,Open,0.0,1,BOND-GREENVILLE NURSING & REHAB,145909
2020-09-18,Boone,Park Place of Belvidere,6,0,Closed,0.0,1,BOONE-PARK PLACE OF BELVIDERE,146071
2020-09-18,Boone,Symphony Northwoods,89,16,Closed,0.1797752808988764,1,BOONE-SYMPHONY NORTHWOODS,No Match
2020-09-18,Bureau,Aperion Care- Princeton,15,1,Open,0.06666666666666667,1,BUREAU-APERION CARE- PRINCETON,145437
2020-09-18,Bureau,St. Margarets Living Center,3,0,Open,0.0,1,BUREAU-ST. MARGARETS LIVING CENTER,No Match
2020-09-18,Carroll,Big Meadows Nursing Home,27,2,Open,0.07407407407407407,1,CARROLL-BIG MEADOWS NURSING HOME,14E701
2020-09-18,Cass,Heritage Health,7,0,Open,0.0,1,CASS-HERITAGE HEALTH,No Match
2020-09-18,Cass,Walker Nursing Home,57,11,Closed,0.19298245614035087,1,CASS-WALKER NURSING HOME,146100
2020-09-18,Champaign,Champaign Urbana Nursing and Rehab,5,0,Open,0.0,1,CHAMPAIGN-CHAMPAIGN URBANA NURSING AND REHAB,145439
2020-09-18,Champaign,Champaign-Urbana Nursing and Rehab,4,1,Closed,0.25,1,CHAMPAIGN-CHAMPAIGN-URBANA NURSING AND REHAB,145439
2020-09-18,Champaign,Country Health and Rehab,7,0,Open,0.0,1,CHAMPAIGN-COUNTRY HEALTH AND REHAB,145708
2020-09-18,Champaign,Green House Homes at Clark-Lindsey,2,0,Closed,0.0,1,CHAMPAIGN-GREEN HOUSE HOMES AT CLARK-LINDSEY,No Match
2020-09-18,Champaign,Illini Heritage Rehab and Health,2,0,Open,0.0,1,CHAMPAIGN-ILLINI HERITAGE REHAB AND HEALTH,146017
2020-09-18,Champaign,Meadowbrook at Clark-Lindsey,2,0,Open,0.0,1,CHAMPAIGN-MEADOWBROOK AT CLARK-LINDSEY,No Match
2020-09-18,Champaign,Reflections Memory Care,28,4,Closed,0.14285714285714285,1,CHAMPAIGN-REFLECTIONS MEMORY CARE,No Match
2020-09-18,Champaign,University Rehab Center,5,0,Closed,0.0,1,CHAMPAIGN-UNIVERSITY REHAB CENTER,145364
2020-09-18,Champaign,Villas of Hollybrook-Rantoul,5,0,Open,0.0,1,CHAMPAIGN-VILLAS OF HOLLYBROOK-RANTOUL,No Match
2020-09-18,Christian,Heritage Health of Pana,2,0,Open,0.0,1,CHRISTIAN-HERITAGE HEALTH OF PANA,145267
2020-09-18,Christian,Lifes Journey,8,2,Open,0.25,1,CHRISTIAN-LIFES JOURNEY,No Match
2020-09-18,Christian,Prairie Rose,2,0,Open,0.0,1,CHRISTIAN-PRAIRIE ROSE,145411
2020-09-18,Christian,taylorville care center,3,0,Open,0.0,1,CHRISTIAN-TAYLORVILLE CARE CENTER,145502
2020-09-18,Christian,Taylorville Hickory Estates,2,0,Open,0.0,1,CHRISTIAN-TAYLORVILLE HICKORY ESTATES,No Match
2020-09-18,Christian,Taylorville Skilled Nursing (fka Meadow Manor),52,3,Open,0.057692307692307696,1,CHRISTIAN-TAYLORVILLE SKILLED NURSING (FKA MEADOW MANOR),146048
2020-09-18,Christian,Villas of Holly Brook,2,0,Closed,0.0,1,CHRISTIAN-VILLAS OF HOLLY BROOK,No Match
2020-09-18,Clark,Villas of Holly Brook Marshall,8,0,Open,0.0,1,CLARK-VILLAS OF HOLLY BROOK MARSHALL,No Match
2020-09-18,Clinton,Carlyle Healthcare Center,6,0,Open,0.0,1,CLINTON-CARLYLE HEALTHCARE CENTER,145729
2020-09-18,Clinton,Carlyle HealthCare Center,85,15,Closed,0.17647058823529413,1,CLINTON-CARLYLE HEALTHCARE CENTER,145729
2020-09-18,Clinton,Clinton Manor Living Facility,10,0,Open,0.0,1,CLINTON-CLINTON MANOR LIVING FACILITY,146025
2020-09-18,Clinton,Clinton Manor Living Facility,31,1,Closed,0.03225806451612903,1,CLINTON-CLINTON MANOR LIVING FACILITY,146025
2020-09-18,Clinton,Villa Catherine,7,0,Closed,0.0,1,CLINTON-VILLA CATHERINE,No Match
2020-09-18,Clinton,Warren G Murray Developmental Center,22,0,Open,0.0,1,CLINTON-WARREN G MURRAY DEVELOPMENTAL CENTER,No Match
2020-09-18,Clinton,Warren G. Murray Developmental Center,4,0,Open,0.0,1,CLINTON-WARREN G. MURRAY DEVELOPMENTAL CENTER,No Match
2020-09-18,Clinton,Warrren G Murray Develpmental Center,62,0,Open,0.0,1,CLINTON-WARRREN G MURRAY DEVELPMENTAL CENTER,No Match
2020-09-18,Coles,Charleston Rehab and Healthcare,95,16,Closed,0.16842105263157894,1,COLES-CHARLESTON REHAB AND HEALTHCARE,145636
2020-09-18,Coles,Hilltop Skilled Nursing,51,2,Open,0.0392156862745098,1,COLES-HILLTOP SKILLED NURSING,145862
2020-09-18,Coles,Mattoon Healthcare,2,0,Closed,0.0,1,COLES-MATTOON HEALTHCARE,145480
2020-09-18,Coles,Mattoon Healthcare,3,0,Closed,0.0,1,COLES-MATTOON HEALTHCARE,145480
2020-09-18,Coles,Odd Fellow Rebekah,28,5,Open,0.17857142857142858,1,COLES-ODD FELLOW REBEKAH,145772
2020-09-18,Coles,Villas of Holly,6,0,Open,0.0,1,COLES-VILLAS OF HOLLY,No Match
2020-09-18,Cook,Abington of Glenview,11,1,Closed,0.09090909090909091,1,COOK-ABINGTON OF GLENVIEW,145683
2020-09-18,Cook,Addolorata Villa,109,19,Open,0.1743119266055046,1,COOK-ADDOLORATA VILLA,145724
2020-09-18,Cook,Albany Care,13,0,Open,0.0,1,COOK-ALBANY CARE,No Match
2020-09-18,Cook,Alden Estates Des Plaines,13,2,Open,0.15384615384615385,1,COOK-ALDEN ESTATES DES PLAINES,145998
2020-09-18,Cook,Alden Estates of Barrington,15,0,Open,0.0,1,COOK-ALDEN ESTATES OF BARRINGTON,145557
2020-09-18,Cook,Alden Estates of Evanston,18,2,Closed,0.1111111111111111,1,COOK-ALDEN ESTATES OF EVANSTON,145907
2020-09-18,Cook,Alden Estates of Northmoor,91,18,Open,0.1978021978021978,1,COOK-ALDEN ESTATES OF NORTHMOOR,145888
2020-09-18,Cook,Alden Estates of Orland Park,41,13,Open,0.3170731707317073,1,COOK-ALDEN ESTATES OF ORLAND PARK,145963
2020-09-18,Cook,Alden Estates of Skokie,6,0,Closed,0.0,1,COOK-ALDEN ESTATES OF SKOKIE,145869
2020-09-18,Cook,Alden Estates of Skokie ,3,0,Open,0.0,1,COOK-ALDEN ESTATES OF SKOKIE ,No Match
2020-09-18,Cook,Alden Lakeland,14,2,Closed,0.14285714285714285,1,COOK-ALDEN LAKELAND,145450
2020-09-18,Cook,Alden Lakeland,16,0,Open,0.0,1,COOK-ALDEN LAKELAND,145450
2020-09-18,Cook,Alden Lincoln Park Rehab,74,12,Closed,0.16216216216216217,1,COOK-ALDEN LINCOLN PARK REHAB,145126
2020-09-18,Cook,Alden North Shore,2,0,Closed,0.0,1,COOK-ALDEN NORTH SHORE,145984
2020-09-18,Cook,Alden North Shore ,4,0,Open,0.0,1,COOK-ALDEN NORTH SHORE ,No Match
2020-09-18,Cook,Alden PoplarCreek,85,25,Open,0.29411764705882354,1,COOK-ALDEN POPLARCREEK,145403
2020-09-18,Cook,Alden Princeton Rehab & Health,56,12,Open,0.21428571428571427,1,COOK-ALDEN PRINCETON REHAB & HEALTH,145688
2020-09-18,Cook,Alden Town Manor Care,7,0,Open,0.0,1,COOK-ALDEN TOWN MANOR CARE,No Match
2020-09-18,Cook,Alden Village North,6,0,Closed,0.0,1,COOK-ALDEN VILLAGE NORTH,No Match
2020-09-18,Cook,Alden Village North,8,0,Open,0.0,1,COOK-ALDEN VILLAGE NORTH,No Match
2020-09-18,Cook,Alden Wentworth  Rehab & Healthcare Center,73,15,Closed,0.2054794520547945,1,COOK-ALDEN WENTWORTH  REHAB & HEALTHCARE CENTER,No Match
2020-09-18,Cook,All American Nursing Home,50,4,Closed,0.08,1,COOK-ALL AMERICAN NURSING HOME,14A057
2020-09-18,Cook,All Saints,2,0,Open,0.0,1,COOK-ALL SAINTS,No Match
2020-09-18,Cook,Ambassador Nursing,116,10,Closed,0.08620689655172414,1,COOK-AMBASSADOR NURSING,145343
2020-09-18,Cook,AMITA Health Holy Family Medical Center ,29,1,Open,0.034482758620689655,1,COOK-AMITA HEALTH HOLY FAMILY MEDICAL CENTER ,No Match
2020-09-18,Cook,Aperion Care Burbank,5,1,Closed,0.2,1,COOK-APERION CARE BURBANK,145913
2020-09-18,Cook,Aperion Care Chicago Heights,20,1,Open,0.05,1,COOK-APERION CARE CHICAGO HEIGHTS,145180
2020-09-18,Cook,Aperion Care Dolton,34,6,Open,0.17647058823529413,1,COOK-APERION CARE DOLTON,145877
2020-09-18,Cook,Aperion Care Evanston,25,2,Closed,0.08,1,COOK-APERION CARE EVANSTON,146058
2020-09-18,Cook,Aperion Care Forest Park,52,5,Open,0.09615384615384616,1,COOK-APERION CARE FOREST PARK,145969
2020-09-18,Cook,Aperion Care International of Chicago,148,25,Open,0.16891891891891891,1,COOK-APERION CARE INTERNATIONAL OF CHICAGO,146001
2020-09-18,Cook,Aperion Care Midlothian,5,0,Open,0.0,1,COOK-APERION CARE MIDLOTHIAN,145947
2020-09-18,Cook,Aperion Care Oak Lawn,102,21,Open,0.20588235294117646,1,COOK-APERION CARE OAK LAWN,145197
2020-09-18,Cook,Aperion Care Plum Grove,58,19,Open,0.3275862068965517,1,COOK-APERION CARE PLUM GROVE,145658
2020-09-18,Cook,Aperion Care West Ridge,35,14,Closed,0.4,1,COOK-APERION CARE WEST RIDGE,145832
2020-09-18,Cook,Arbour Health Care Center,58,3,Closed,0.05172413793103448,1,COOK-ARBOUR HEALTH CARE CENTER,146169
2020-09-18,Cook,Arden Courts/Manor Care of South Holland ,68,8,Open,0.11764705882352941,1,COOK-ARDEN COURTS/MANOR CARE OF SOUTH HOLLAND ,No Match
2020-09-18,Cook,Arden Courts of Elk Grove,31,8,Open,0.25806451612903225,1,COOK-ARDEN COURTS OF ELK GROVE,No Match
2020-09-18,Cook,Arden Courts of Palos Heights,55,10,Open,0.18181818181818182,1,COOK-ARDEN COURTS OF PALOS HEIGHTS,No Match
2020-09-18,Cook,Artis Senior Living of Lakeview,34,8,Open,0.23529411764705882,1,COOK-ARTIS SENIOR LIVING OF LAKEVIEW,No Match
2020-09-18,Cook,Asbury Court Senior Living,8,1,Open,0.125,1,COOK-ASBURY COURT SENIOR LIVING,146187
2020-09-18,Cook,Aspire Living Prospect Heights,13,1,Open,0.07692307692307693,1,COOK-ASPIRE LIVING PROSPECT HEIGHTS,No Match
2020-09-18,Cook,Astoria Place of Chicago,104,20,Closed,0.19230769230769232,1,COOK-ASTORIA PLACE OF CHICAGO,145634
2020-09-18,Cook,Atria Glenview,6,0,Open,0.0,1,COOK-ATRIA GLENVIEW,No Match
2020-09-18,Cook,Atrium Health Care Center,99,10,Closed,0.10101010101010101,1,COOK-ATRIUM HEALTH CARE CENTER,145479
2020-09-18,Cook,Austin Oasis,104,15,Open,0.14423076923076922,1,COOK-AUSTIN OASIS,145834
2020-09-18,Cook,Autumn Green at Wright Campus,2,0,Open,0.0,1,COOK-AUTUMN GREEN AT WRIGHT CAMPUS,No Match
2020-09-18,Cook,Avantara Evergreen Park,92,22,Open,0.2391304347826087,1,COOK-AVANTARA EVERGREEN PARK,145734
2020-09-18,Cook,Avantara Park Ridge,10,2,Open,0.2,1,COOK-AVANTARA PARK RIDGE,145667
2020-09-18,Cook,Avanti Wellness & Rehabilitation ,110,17,Open,0.15454545454545454,1,COOK-AVANTI WELLNESS & REHABILITATION ,No Match
2020-09-18,Cook,Avenues to Independence,11,0,Closed,0.0,1,COOK-AVENUES TO INDEPENDENCE,No Match
2020-09-18,Cook,Balmoral Home,25,0,Open,0.0,1,COOK-BALMORAL HOME,145796
2020-09-18,Cook,Barton Senior Living,2,0,Closed,0.0,1,COOK-BARTON SENIOR LIVING,No Match
2020-09-18,Cook,Beacon Care Center,82,14,Closed,0.17073170731707318,1,COOK-BEACON CARE CENTER,145776
2020-09-18,Cook,Beechwood Manor,3,0,Open,0.0,1,COOK-BEECHWOOD MANOR,No Match
2020-09-18,Cook,Bella Terra Morton Grove,71,11,Open,0.15492957746478872,1,COOK-BELLA TERRA MORTON GROVE,145198
2020-09-18,Cook,Bella Terra Streamwood,16,3,Open,0.1875,1,COOK-BELLA TERRA STREAMWOOD,145701
2020-09-18,Cook,Bella Terra Wheeling,88,18,Open,0.20454545454545456,1,COOK-BELLA TERRA WHEELING,145835
2020-09-18,Cook,Bellhaven Nursing and Rehabilitation,97,9,Open,0.09278350515463918,1,COOK-BELLHAVEN NURSING AND REHABILITATION,145549
2020-09-18,Cook,Bellwood Development Center,2,0,Closed,0.0,1,COOK-BELLWOOD DEVELOPMENT CENTER,No Match
2020-09-18,Cook,Belmont Oak Park,6,2,Closed,0.3333333333333333,1,COOK-BELMONT OAK PARK,No Match
2020-09-18,Cook,Belmont Village Senior Living of Glenview,26,5,Open,0.19230769230769232,1,COOK-BELMONT VILLAGE SENIOR LIVING OF GLENVIEW,No Match
2020-09-18,Cook,Berkeley Nursing and Rehabilitation Center,4,3,Closed,0.75,1,COOK-BERKELEY NURSING AND REHABILITATION CENTER,146013
2020-09-18,Cook,Bethane Place,2,0,Open,0.0,1,COOK-BETHANE PLACE,No Match
2020-09-18,Cook,Bethesda Rehab and Senior Care,51,6,Open,0.11764705882352941,1,COOK-BETHESDA REHAB AND SENIOR CARE,145844
2020-09-18,Cook,Bickford of Tinley Park,3,0,Open,0.0,1,COOK-BICKFORD OF TINLEY PARK,No Match
2020-09-18,Cook,Birchwood Plaza Nursing-Rehab,87,15,Closed,0.1724137931034483,1,COOK-BIRCHWOOD PLAZA NURSING-REHAB,145532
2020-09-18,Cook,Brandel Care Center,10,0,Open,0.0,1,COOK-BRANDEL CARE CENTER,145527
2020-09-18,Cook,Bria Forest Edge,143,2,Open,0.013986013986013986,1,COOK-BRIA FOREST EDGE,145864
2020-09-18,Cook,BRIA of Chicago Heights,63,1,Open,0.015873015873015872,1,COOK-BRIA OF CHICAGO HEIGHTS,145898
2020-09-18,Cook,Bria of Palos Hills,102,18,Open,0.17647058823529413,1,COOK-BRIA OF PALOS HILLS,145650
2020-09-18,Cook,Bria Place of Indian Head Park,33,7,Open,0.21212121212121213,1,COOK-BRIA PLACE OF INDIAN HEAD PARK,145784
2020-09-18,Cook,Bria River Oaks,105,2,Open,0.01904761904761905,1,COOK-BRIA RIVER OAKS,145735
2020-09-18,Cook,Bridgeview HC,67,15,Open,0.22388059701492538,1,COOK-BRIDGEVIEW HC,145208
2020-09-18,Cook,Brookdale Assisted living,5,1,Closed,0.2,1,COOK-BROOKDALE ASSISTED LIVING,No Match
2020-09-18,Cook,Brookdale Des Plaines,21,6,Open,0.2857142857142857,1,COOK-BROOKDALE DES PLAINES,No Match
2020-09-18,Cook,Brookdale Hoffman Estates,11,0,Open,0.0,1,COOK-BROOKDALE HOFFMAN ESTATES,No Match
2020-09-18,Cook,Brookdale - Lake Shore,8,0,Open,0.0,1,COOK-BROOKDALE - LAKE SHORE,No Match
2020-09-18,Cook,Brookdale Northbrook ,5,3,Open,0.6,1,COOK-BROOKDALE NORTHBROOK ,No Match
2020-09-18,Cook,Brookdale Orland Park,15,6,Open,0.4,1,COOK-BROOKDALE ORLAND PARK,No Match
2020-09-18,Cook,Brookdale Prospect Heights,8,0,Open,0.0,1,COOK-BROOKDALE PROSPECT HEIGHTS,145852
2020-09-18,Cook,Bryn Mawr Care,28,3,Closed,0.10714285714285714,1,COOK-BRYN MAWR CARE,No Match
2020-09-18,Cook,Buckingham Pavilion,2,0,Open,0.0,1,COOK-BUCKINGHAM PAVILION,145285
2020-09-18,Cook,Buckingham Pavilion,72,13,Closed,0.18055555555555555,1,COOK-BUCKINGHAM PAVILION,145285
2020-09-18,Cook,Burbank Rehab - Vera Care Stickney,38,11,Closed,0.2894736842105263,1,COOK-BURBANK REHAB - VERA CARE STICKNEY,145211
2020-09-18,Cook,Caledonia Senior Living & Memory Care,2,0,Open,0.0,1,COOK-CALEDONIA SENIOR LIVING & MEMORY CARE,No Match
2020-09-18,Cook,California Gardens Nursing and Rehabilitation Cent,157,5,Open,0.03184713375796178,1,COOK-CALIFORNIA GARDENS NURSING AND REHABILITATION CENT,145625
2020-09-18,Cook,Calumet City Terrace,3,0,Open,0.0,1,COOK-CALUMET CITY TERRACE,No Match
2020-09-18,Cook,Carlton at the Lake,2,0,Open,0.0,1,COOK-CARLTON AT THE LAKE,145679
2020-09-18,Cook,Carlton at the Lake,112,19,Closed,0.16964285714285715,1,COOK-CARLTON AT THE LAKE,145679
2020-09-18,Cook,Center Home for Hispanic Elderly,117,30,Open,0.2564102564102564,1,COOK-CENTER HOME FOR HISPANIC ELDERLY,146062
2020-09-18,Cook,Central Baptist Village,14,1,Open,0.07142857142857142,1,COOK-CENTRAL BAPTIST VILLAGE,145853
2020-09-18,Cook,Central Nursing Home,111,17,Open,0.15315315315315314,1,COOK-CENTRAL NURSING HOME,145648
2020-09-18,Cook,Chalet Living And Rehab Center,97,14,Closed,0.14432989690721648,1,COOK-CHALET LIVING AND REHAB CENTER,145670
2020-09-18,Cook,Chicago Ridge Nursing and Rehab,54,16,Open,0.2962962962962963,1,COOK-CHICAGO RIDGE NURSING AND REHAB,145639
2020-09-18,Cook,Citadel of Northbrook,41,2,Open,0.04878048780487805,1,COOK-CITADEL OF NORTHBROOK,145982
2020-09-18,Cook,Citadel of Skokie,3,0,Open,0.0,1,COOK-CITADEL OF SKOKIE,145468
2020-09-18,Cook,Citadel of Skokie,9,2,Closed,0.2222222222222222,1,COOK-CITADEL OF SKOKIE,145468
2020-09-18,Cook,Citadel of Warren Park,22,4,Closed,0.18181818181818182,1,COOK-CITADEL OF WARREN PARK,No Match
2020-09-18,Cook,Citadel of Waterford,66,14,Open,0.21212121212121213,1,COOK-CITADEL OF WATERFORD,No Match
2020-09-18,Cook,Citadel of Wilmette,18,5,Open,0.2777777777777778,1,COOK-CITADEL OF WILMETTE,145932
2020-09-18,Cook,City View Multi Care Center,256,15,Open,0.05859375,1,COOK-CITY VIEW MULTI CARE CENTER,145850
2020-09-18,Cook,Clark Manor,124,15,Closed,0.12096774193548387,1,COOK-CLARK MANOR,145507
2020-09-18,Cook,Clearbrook Center,44,7,Closed,0.1590909090909091,1,COOK-CLEARBROOK CENTER,No Match
2020-09-18,Cook,Clearbrook West,3,0,Closed,0.0,1,COOK-CLEARBROOK WEST,No Match
2020-09-18,Cook,Clear Oaks Senior Living,3,0,Open,0.0,1,COOK-CLEAR OAKS SENIOR LIVING,No Match
2020-09-18,Cook,Community Care Nursing Home,80,10,Open,0.125,1,COOK-COMMUNITY CARE NURSING HOME,146164
2020-09-18,Cook,Continental Nursing and Rehabilitation Center,78,12,Closed,0.15384615384615385,1,COOK-CONTINENTAL NURSING AND REHABILITATION CENTER,145730
2020-09-18,Cook,Country Club Terrace,10,0,Closed,0.0,1,COOK-COUNTRY CLUB TERRACE,No Match
2020-09-18,Cook,Countryside Nursing and Rehab Center,65,11,Open,0.16923076923076924,1,COOK-COUNTRYSIDE NURSING AND REHAB CENTER,145798
2020-09-18,Cook,Covenant Enabling Residence,6,0,Closed,0.0,1,COOK-COVENANT ENABLING RESIDENCE,No Match
2020-09-18,Cook,Covenant Home of Chicago,2,0,Open,0.0,1,COOK-COVENANT HOME OF CHICAGO,No Match
2020-09-18,Cook,Crestwood Terrace,4,0,Open,0.0,1,COOK-CRESTWOOD TERRACE,140E178
2020-09-18,Cook,"David Webb, Jr. Senior Living Complex",3,2,Open,0.6666666666666666,1,"COOK-DAVID WEBB, JR. SENIOR LIVING COMPLEX",No Match
2020-09-18,Cook,Dobson Plaza,77,20,Closed,0.2597402597402597,1,COOK-DOBSON PLAZA,145122
2020-09-18,Cook,Edward Hines VA Community Living Center,23,3,Open,0.13043478260869565,1,COOK-EDWARD HINES VA COMMUNITY LIVING CENTER,No Match
2020-09-18,Cook,Elevate Care Chicago North,3,0,Open,0.0,1,COOK-ELEVATE CARE CHICAGO NORTH,145484
2020-09-18,Cook,Elevate Care Chicago North,176,34,Closed,0.19318181818181818,1,COOK-ELEVATE CARE CHICAGO NORTH,145484
2020-09-18,Cook,Elevate Care Irving Park,73,13,Closed,0.1780821917808219,1,COOK-ELEVATE CARE IRVING PARK,145415
2020-09-18,Cook,Elevate Care Niles,16,5,Open,0.3125,1,COOK-ELEVATE CARE NILES,145662
2020-09-18,Cook,Elevate Care Northbrook,76,16,Open,0.21052631578947367,1,COOK-ELEVATE CARE NORTHBROOK,145171
2020-09-18,Cook,Elevate Care South Holland,19,6,Open,0.3157894736842105,1,COOK-ELEVATE CARE SOUTH HOLLAND,No Match
2020-09-18,Cook,Elevate Saint Andrew,42,9,Open,0.21428571428571427,1,COOK-ELEVATE SAINT ANDREW,146176
2020-09-18,Cook,Emerald Place Memory Care,11,2,Open,0.18181818181818182,1,COOK-EMERALD PLACE MEMORY CARE,No Match
2020-09-18,Cook,Estates of Hyde Park,57,13,Open,0.22807017543859648,1,COOK-ESTATES OF HYDE PARK,145828
2020-09-18,Cook,Evergreen Senior Living,10,4,Open,0.4,1,COOK-EVERGREEN SENIOR LIVING,No Match
2020-09-18,Cook,Fairmont Care,151,32,Closed,0.2119205298013245,1,COOK-FAIRMONT CARE,145867
2020-09-18,Cook,Foster Health & Rehab,32,7,Closed,0.21875,1,COOK-FOSTER HEALTH & REHAB,146167
2020-09-18,Cook,Franciscan Village,5,0,Open,0.0,1,COOK-FRANCISCAN VILLAGE,146029
2020-09-18,Cook,Friendship Village LTC,23,5,Open,0.21739130434782608,1,COOK-FRIENDSHIP VILLAGE LTC,145341
2020-09-18,Cook,Garden Center Services-home facility,2,0,Open,0.0,1,COOK-GARDEN CENTER SERVICES-HOME FACILITY,No Match
2020-09-18,Cook,Generations at Applewood,83,20,Open,0.24096385542168675,1,COOK-GENERATIONS AT APPLEWOOD,145781
2020-09-18,Cook,Generations at Elmwood Park,89,19,Open,0.21348314606741572,1,COOK-GENERATIONS AT ELMWOOD PARK,145419
2020-09-18,Cook,Generations At Oakton,63,13,Open,0.20634920634920634,1,COOK-GENERATIONS AT OAKTON,145626
2020-09-18,Cook,Generations at Regency,131,33,Open,0.25190839694656486,1,COOK-GENERATIONS AT REGENCY,145237
2020-09-18,Cook,Glenview Terrace,196,35,Open,0.17857142857142858,1,COOK-GLENVIEW TERRACE,145268
2020-09-18,Cook,Glenwood Health Care & Rehab,88,5,Open,0.056818181818181816,1,COOK-GLENWOOD HEALTH CARE & REHAB,No Match
2020-09-18,Cook,Golfview Developmental Center,123,11,Closed,0.08943089430894309,1,COOK-GOLFVIEW DEVELOPMENTAL CENTER,No Match
2020-09-18,Cook,GOLFVIEW DEVELOPMENTAL CENTER,3,0,Open,0.0,1,COOK-GOLFVIEW DEVELOPMENTAL CENTER,No Match
2020-09-18,Cook,Good Shepherd Manor,3,1,Closed,0.3333333333333333,1,COOK-GOOD SHEPHERD MANOR,No Match
2020-09-18,Cook,Grace Point Place Memory Care,25,8,Open,0.32,1,COOK-GRACE POINT PLACE MEMORY CARE,No Match
2020-09-18,Cook,Greek American Rehab & Care,28,2,Open,0.07142857142857142,1,COOK-GREEK AMERICAN REHAB & CARE,146031
2020-09-18,Cook,Greenview Place Senior Living,4,0,Open,0.0,1,COOK-GREENVIEW PLACE SENIOR LIVING,No Match
2020-09-18,Cook,Greenwood Care-Evanston,8,0,Open,0.0,1,COOK-GREENWOOD CARE-EVANSTON,No Match
2020-09-18,Cook,Grosse Pointe Manor,116,23,Open,0.19827586206896552,1,COOK-GROSSE POINTE MANOR,145999
2020-09-18,Cook,Harbor House Memory Care,36,12,Open,0.3333333333333333,1,COOK-HARBOR HOUSE MEMORY CARE,No Match
2020-09-18,Cook,Harmony Healthcare and Rehab,133,29,Closed,0.21804511278195488,1,COOK-HARMONY HEALTHCARE AND REHAB,145775
2020-09-18,Cook,Heartis Village of Orland Park,2,0,Open,0.0,1,COOK-HEARTIS VILLAGE OF ORLAND PARK,No Match
2020-09-18,Cook,Heather Manor Nursing & Rehabilitation Center,23,4,Open,0.17391304347826086,1,COOK-HEATHER MANOR NURSING & REHABILITATION CENTER,No Match
2020-09-18,Cook,Heritage Woods,5,0,Open,0.0,1,COOK-HERITAGE WOODS,No Match
2020-09-18,Cook,Holy Family Villa,2,0,Open,0.0,1,COOK-HOLY FAMILY VILLA,146053
2020-09-18,Cook,Holy Family Villa,10,4,Closed,0.4,1,COOK-HOLY FAMILY VILLA,146053
2020-09-18,Cook,Inverness Health and Rehab,20,0,Open,0.0,1,COOK-INVERNESS HEALTH AND REHAB,145994
2020-09-18,Cook,Inverness Health and Rehab Center,6,0,Open,0.0,1,COOK-INVERNESS HEALTH AND REHAB CENTER,145994
2020-09-18,Cook,Jackson Park Assisted living,2,0,Open,0.0,1,COOK-JACKSON PARK ASSISTED LIVING,No Match
2020-09-18,Cook,Kensington Place Nursing And Rehabilitation Center,15,2,Closed,0.13333333333333333,1,COOK-KENSINGTON PLACE NURSING AND REHABILITATION CENTER,145829
2020-09-18,Cook,Lake Cook Rehab & Healthcare(formerly Rosewood),49,12,Open,0.24489795918367346,1,COOK-LAKE COOK REHAB & HEALTHCARE(FORMERLY ROSEWOOD),145971
2020-09-18,Cook,Lakefront Nursing,33,0,Open,0.0,1,COOK-LAKEFRONT NURSING,145235
2020-09-18,Cook,Lakeview Nursing and Rehab,90,22,Closed,0.24444444444444444,1,COOK-LAKEVIEW NURSING AND REHAB,145654
2020-09-18,Cook,Landmark of Des Plaines,95,22,Open,0.23157894736842105,1,COOK-LANDMARK OF DES PLAINES,145334
2020-09-18,Cook,Landmark of Richton Park,48,9,Open,0.1875,1,COOK-LANDMARK OF RICHTON PARK,145424
2020-09-18,Cook,Lee Manor Rehab and Nursing,100,20,Open,0.2,1,COOK-LEE MANOR REHAB AND NURSING,145382
2020-09-18,Cook,Lemont Center,33,7,Open,0.21212121212121213,1,COOK-LEMONT CENTER,145901
2020-09-18,Cook,Lexington Health Care Center of Chicago Ridge,9,1,Open,0.1111111111111111,1,COOK-LEXINGTON HEALTH CARE CENTER OF CHICAGO RIDGE,No Match
2020-09-18,Cook,Lexington Healthcare of La Grange,35,5,Open,0.14285714285714285,1,COOK-LEXINGTON HEALTHCARE OF LA GRANGE,145737
2020-09-18,Cook,Lexington healthcare of Schaumburg,28,3,Open,0.10714285714285714,1,COOK-LEXINGTON HEALTHCARE OF SCHAUMBURG,145678
2020-09-18,Cook,Lexington Health Care Orland Park,78,18,Open,0.23076923076923078,1,COOK-LEXINGTON HEALTH CARE ORLAND PARK,145899
2020-09-18,Cook,Lexington of Chicago Ridge,23,12,Closed,0.5217391304347826,1,COOK-LEXINGTON OF CHICAGO RIDGE,145700
2020-09-18,Cook,Lieberman Geriatric Center,76,8,Open,0.10526315789473684,1,COOK-LIEBERMAN GERIATRIC CENTER,145931
2020-09-18,Cook,Lincolnwood Place,44,15,Open,0.3409090909090909,1,COOK-LINCOLNWOOD PLACE,145786
2020-09-18,Cook,Little Sisters of the Poor/St. Marys Home,63,13,Open,0.20634920634920634,1,COOK-LITTLE SISTERS OF THE POOR/ST. MARYS HOME,146185
2020-09-18,Cook,Little Village Nursing Home,3,0,Open,0.0,1,COOK-LITTLE VILLAGE NURSING HOME,146018
2020-09-18,Cook,Little Village Nursing Home,41,8,Closed,0.1951219512195122,1,COOK-LITTLE VILLAGE NURSING HOME,146018
2020-09-18,Cook,Ludeman Center,5,0,Open,0.0,1,COOK-LUDEMAN CENTER,No Match
2020-09-18,Cook,Ludeman Developmental Center,263,9,Closed,0.034220532319391636,1,COOK-LUDEMAN DEVELOPMENTAL CENTER,No Match
2020-09-18,Cook,Lutheran Home,56,9,Open,0.16071428571428573,1,COOK-LUTHERAN HOME,145768
2020-09-18,Cook,Lydia Health Care Center,23,3,Open,0.13043478260869565,1,COOK-LYDIA HEALTH CARE CENTER,No Match
2020-09-18,Cook,MacNeal Memorial Hospital Rehab/LTC,3,0,Open,0.0,1,COOK-MACNEAL MEMORIAL HOSPITAL REHAB/LTC,145848
2020-09-18,Cook,Madden Mental Health Center,9,0,Closed,0.0,1,COOK-MADDEN MENTAL HEALTH CENTER,No Match
2020-09-18,Cook,MADO Healthcare Uptown,84,9,Open,0.10714285714285714,1,COOK-MADO HEALTHCARE UPTOWN,146191
2020-09-18,Cook,Manor Care at Arlington Heights,27,2,Open,0.07407407407407407,1,COOK-MANOR CARE AT ARLINGTON HEIGHTS,145199
2020-09-18,Cook,ManorCare ElkGrove Village,111,24,Open,0.21621621621621623,1,COOK-MANORCARE ELKGROVE VILLAGE,145689
2020-09-18,Cook,Manor Care Health Services-Homewood,52,15,Open,0.28846153846153844,1,COOK-MANOR CARE HEALTH SERVICES-HOMEWOOD,145684
2020-09-18,Cook,ManorCare Health Services-Palos Heights West,55,16,Open,0.2909090909090909,1,COOK-MANORCARE HEALTH SERVICES-PALOS HEIGHTS WEST,145893
2020-09-18,Cook,Manor Care Oak Lawn EAST. Cook,80,16,Open,0.2,1,COOK-MANOR CARE OAK LAWN EAST. COOK,No Match
2020-09-18,Cook,ManorCare Oak Lawn West,65,17,Open,0.26153846153846155,1,COOK-MANORCARE OAK LAWN WEST,145087
2020-09-18,Cook,ManorCare Palos Heights East,67,12,Open,0.1791044776119403,1,COOK-MANORCARE PALOS HEIGHTS EAST,145607
2020-09-18,Cook,Margaret Manor Central,12,1,Open,0.08333333333333333,1,COOK-MARGARET MANOR CENTRAL,No Match
2020-09-18,Cook,Mayfield Care Center,3,0,Open,0.0,1,COOK-MAYFIELD CARE CENTER,145885
2020-09-18,Cook,Mayfield Care Center,154,23,Closed,0.14935064935064934,1,COOK-MAYFIELD CARE CENTER,145885
2020-09-18,Cook,Meadowbrook Manor,80,13,Open,0.1625,1,COOK-MEADOWBROOK MANOR,145710
2020-09-18,Cook,Mercy Circle,25,3,Closed,0.12,1,COOK-MERCY CIRCLE,146174
2020-09-18,Cook,Midway Neuro and Rehab,140,12,Open,0.08571428571428572,1,COOK-MIDWAY NEURO AND REHAB,145778
2020-09-18,Cook,Misericordia - Marian Center,13,0,Closed,0.0,1,COOK-MISERICORDIA - MARIAN CENTER,No Match
2020-09-18,Cook,Misericordia - McNerney House,6,0,Open,0.0,1,COOK-MISERICORDIA - MCNERNEY HOUSE,No Match
2020-09-18,Cook,Misericordia - Peteman House,5,0,Open,0.0,1,COOK-MISERICORDIA - PETEMAN HOUSE,No Match
2020-09-18,Cook,Misericordia - Walsh House,2,0,Open,0.0,1,COOK-MISERICORDIA - WALSH HOUSE,No Match
2020-09-18,Cook,Montgomery Place,40,4,Open,0.1,1,COOK-MONTGOMERY PLACE,145748
2020-09-18,Cook,Mosaic of Lakeshore,113,28,Closed,0.24778761061946902,1,COOK-MOSAIC OF LAKESHORE,145244
2020-09-18,Cook,New City Supportive Living,2,0,Open,0.0,1,COOK-NEW CITY SUPPORTIVE LIVING,No Match
2020-09-18,Cook,Niles Nursing and Rehab Center,212,49,Open,0.23113207547169812,1,COOK-NILES NURSING AND REHAB CENTER,145696
2020-09-18,Cook,Norridge Gardens,167,45,Open,0.2694610778443114,1,COOK-NORRIDGE GARDENS,145329
2020-09-18,Cook,Northbrook Inn Memory Care,18,10,Open,0.5555555555555556,1,COOK-NORTHBROOK INN MEMORY CARE,No Match
2020-09-18,Cook,North Shore Place,13,0,Open,0.0,1,COOK-NORTH SHORE PLACE,No Match
2020-09-18,Cook,Norwood crossing Skilled Nursing,98,18,Open,0.1836734693877551,1,COOK-NORWOOD CROSSING SKILLED NURSING,145974
2020-09-18,Cook,Oak Lawn Respiratory and Rehab,5,1,Open,0.2,1,COOK-OAK LAWN RESPIRATORY AND REHAB,145942
2020-09-18,Cook,Oak Park Arms,9,2,Closed,0.2222222222222222,1,COOK-OAK PARK ARMS,No Match
2020-09-18,Cook,Oak Park Brookdale,4,0,Open,0.0,1,COOK-OAK PARK BROOKDALE,No Match
2020-09-18,Cook,Oak Park Brookdale,14,1,Closed,0.07142857142857142,1,COOK-OAK PARK BROOKDALE,No Match
2020-09-18,Cook,Oak Park Oasis,29,11,Closed,0.3793103448275862,1,COOK-OAK PARK OASIS,145714
2020-09-18,Cook,PACTT Learning -Oak Park,16,0,Closed,0.0,1,COOK-PACTT LEARNING -OAK PARK,No Match
2020-09-18,Cook,Palos Heights Nursing and Rehab,52,10,Open,0.19230769230769232,1,COOK-PALOS HEIGHTS NURSING AND REHAB,145681
2020-09-18,Cook,Palos Hills Healthcare,3,2,Open,0.6666666666666666,1,COOK-PALOS HILLS HEALTHCARE,No Match
2020-09-18,Cook,Park Lawn Residential Center,2,0,Open,0.0,1,COOK-PARK LAWN RESIDENTIAL CENTER,No Match
2020-09-18,Cook,Parkshore Estates,24,0,Open,0.0,1,COOK-PARKSHORE ESTATES,145938
2020-09-18,Cook,Park View Rehab,52,11,Open,0.21153846153846154,1,COOK-PARK VIEW REHAB,145765
2020-09-18,Cook,Pauls House,49,6,Closed,0.12244897959183673,1,COOK-PAULS HOUSE,No Match
2020-09-18,Cook,Pauls House and Healthcare Center,3,0,Open,0.0,1,COOK-PAULS HOUSE AND HEALTHCARE CENTER,145767
2020-09-18,Cook,Pearl of Rolling Meadows,5,0,Open,0.0,1,COOK-PEARL OF ROLLING MEADOWS,145350
2020-09-18,Cook,Pershing Garden,13,4,Closed,0.3076923076923077,1,COOK-PERSHING GARDEN,146078
2020-09-18,Cook,Peterson Park Health Care,213,35,Closed,0.1643192488262911,1,COOK-PETERSON PARK HEALTH CARE,145838
2020-09-18,Cook,Pine Crest Healthcare,4,1,Open,0.25,1,COOK-PINE CREST HEALTHCARE,145220
2020-09-18,Cook,Plymouth Place Senior Living,54,11,Open,0.2037037037037037,1,COOK-PLYMOUTH PLACE SENIOR LIVING,146128
2020-09-18,Cook,Praire Oasis South Holland,48,14,Open,0.2916666666666667,1,COOK-PRAIRE OASIS SOUTH HOLLAND,145927
2020-09-18,Cook,Prairie Green at Dixie Crossing,18,6,Open,0.3333333333333333,1,COOK-PRAIRIE GREEN AT DIXIE CROSSING,No Match
2020-09-18,Cook,Prairie Green at Fays Point,11,3,Open,0.2727272727272727,1,COOK-PRAIRIE GREEN AT FAYS POINT,No Match
2020-09-18,Cook,Prairie Manor Rehab and Nursing,29,12,Open,0.41379310344827586,1,COOK-PRAIRIE MANOR REHAB AND NURSING,145629
2020-09-18,Cook,Presence Bethlehem Woods,2,0,Open,0.0,1,COOK-PRESENCE BETHLEHEM WOODS,No Match
2020-09-18,Cook,Presence Maryhaven,2,0,Open,0.0,1,COOK-PRESENCE MARYHAVEN,145741
2020-09-18,Cook,Presence MaryHaven,13,4,Closed,0.3076923076923077,1,COOK-PRESENCE MARYHAVEN,145741
2020-09-18,Cook,Presence Nazarethville,27,6,Open,0.2222222222222222,1,COOK-PRESENCE NAZARETHVILLE,146180
2020-09-18,Cook,Presence Resurrection Life Center,17,1,Open,0.058823529411764705,1,COOK-PRESENCE RESURRECTION LIFE CENTER,145960
2020-09-18,Cook,Presence St. Benedict,15,3,Open,0.2,1,COOK-PRESENCE ST. BENEDICT,145731
2020-09-18,Cook,Presence Villa Scalabrini Nursing&Rehab Center,46,6,Open,0.13043478260869565,1,COOK-PRESENCE VILLA SCALABRINI NURSING&REHAB CENTER,145956
2020-09-18,Cook,Progressive Housing,7,3,Closed,0.42857142857142855,1,COOK-PROGRESSIVE HOUSING,No Match
2020-09-18,Cook,Resurrection Nursing & rehab Center,51,8,Open,0.1568627450980392,1,COOK-RESURRECTION NURSING & REHAB CENTER,No Match
2020-09-18,Cook,Revere Court of South Barrington,9,2,Open,0.2222222222222222,1,COOK-REVERE COURT OF SOUTH BARRINGTON,No Match
2020-09-18,Cook,RML Specialty Hospital Hinsdale,16,1,Open,0.0625,1,COOK-RML SPECIALTY HOSPITAL HINSDALE,No Match
2020-09-18,Cook,Selfhelp Home,41,4,Closed,0.0975609756097561,1,COOK-SELFHELP HOME,146009
2020-09-18,Cook,Sheridan Village,48,17,Open,0.3541666666666667,1,COOK-SHERIDAN VILLAGE,145482
2020-09-18,Cook,Skokie Meadows,10,0,Open,0.0,1,COOK-SKOKIE MEADOWS,No Match
2020-09-18,Cook,Smith Village,68,14,Closed,0.20588235294117646,1,COOK-SMITH VILLAGE,145904
2020-09-18,Cook,Southpoint Nsg and Rehab,83,11,Open,0.13253012048192772,1,COOK-SOUTHPOINT NSG AND REHAB,145914
2020-09-18,Cook,South Suburban Rehab Center,81,20,Open,0.24691358024691357,1,COOK-SOUTH SUBURBAN REHAB CENTER,146132
2020-09-18,Cook,Southview Manor,2,0,Open,0.0,1,COOK-SOUTHVIEW MANOR,146161
2020-09-18,Cook,Southview Manor,26,2,Closed,0.07692307692307693,1,COOK-SOUTHVIEW MANOR,146161
2020-09-18,Cook,St Joseph Home For the Elderly,11,0,Open,0.0,1,COOK-ST JOSEPH HOME FOR THE ELDERLY,No Match
2020-09-18,Cook,St. Joseph Village of Chicago,6,0,Closed,0.0,1,COOK-ST. JOSEPH VILLAGE OF CHICAGO,145637
2020-09-18,Cook,St. Mary of Providence in Chicago,16,0,Closed,0.0,1,COOK-ST. MARY OF PROVIDENCE IN CHICAGO,No Match
2020-09-18,Cook,Summit of Uptown,55,15,Open,0.2727272727272727,1,COOK-SUMMIT OF UPTOWN,No Match
2020-09-18,Cook,Sunrise of Flossmore,12,6,Open,0.5,1,COOK-SUNRISE OF FLOSSMORE,No Match
2020-09-18,Cook,Sunrise of Lincoln Park,2,0,Open,0.0,1,COOK-SUNRISE OF LINCOLN PARK,No Match
2020-09-18,Cook,Sunrise of Park Ridge,48,10,Open,0.20833333333333334,1,COOK-SUNRISE OF PARK RIDGE,No Match
2020-09-18,Cook,Sunrise of Schaumburg,28,5,Open,0.17857142857142858,1,COOK-SUNRISE OF SCHAUMBURG,No Match
2020-09-18,Cook,Sunrise Palos Park,3,1,Open,0.3333333333333333,1,COOK-SUNRISE PALOS PARK,No Match
2020-09-18,Cook,Symphony at 87th,173,34,Open,0.19653179190751446,1,COOK-SYMPHONY AT 87TH,145983
2020-09-18,Cook,Symphony at Aria,31,7,Open,0.22580645161290322,1,COOK-SYMPHONY AT ARIA,145946
2020-09-18,Cook,Symphony at Midway,2,0,Open,0.0,1,COOK-SYMPHONY AT MIDWAY,145995
2020-09-18,Cook,Symphony at Midway,218,27,Closed,0.12385321100917432,1,COOK-SYMPHONY AT MIDWAY,145995
2020-09-18,Cook,Symphony of Bronzeville,60,16,Open,0.26666666666666666,1,COOK-SYMPHONY OF BRONZEVILLE,145337
2020-09-18,Cook,Symphony of Chicago West,59,7,Open,0.11864406779661017,1,COOK-SYMPHONY OF CHICAGO WEST,145661
2020-09-18,Cook,Symphony of Crestwood,41,6,Open,0.14634146341463414,1,COOK-SYMPHONY OF CRESTWOOD,145718
2020-09-18,Cook,Symphony of Evanston,29,1,Open,0.034482758620689655,1,COOK-SYMPHONY OF EVANSTON,145803
2020-09-18,Cook,Symphony of Hanover Park,22,2,Open,0.09090909090909091,1,COOK-SYMPHONY OF HANOVER PARK,146143
2020-09-18,Cook,Symphony of Lincoln Park,179,30,Closed,0.16759776536312848,1,COOK-SYMPHONY OF LINCOLN PARK,145510
2020-09-18,Cook,Symphony of Morgan Park,202,26,Open,0.12871287128712872,1,COOK-SYMPHONY OF MORGAN PARK,145764
2020-09-18,Cook,Symphony of South Shore,188,29,Closed,0.15425531914893617,1,COOK-SYMPHONY OF SOUTH SHORE,145977
2020-09-18,Cook,Symphony Residences at Lincoln Park,6,0,Open,0.0,1,COOK-SYMPHONY RESIDENCES AT LINCOLN PARK,No Match
2020-09-18,Cook,The Admiral at the Lake,49,6,Open,0.12244897959183673,1,COOK-THE ADMIRAL AT THE LAKE,146165
2020-09-18,Cook,The Auberge at Morton Grove,9,1,Open,0.1111111111111111,1,COOK-THE AUBERGE AT MORTON GROVE,No Match
2020-09-18,Cook,The Carrington Linclonwood,41,4,Open,0.0975609756097561,1,COOK-THE CARRINGTON LINCLONWOOD,No Match
2020-09-18,Cook,The Clare,2,0,Closed,0.0,1,COOK-THE CLARE,146141
2020-09-18,Cook,The Clare,2,0,Open,0.0,1,COOK-THE CLARE,146141
2020-09-18,Cook,The Clare,17,0,Closed,0.0,1,COOK-THE CLARE,146141
2020-09-18,Cook,The Grove of Berwyn,57,14,Open,0.24561403508771928,1,COOK-THE GROVE OF BERWYN,145070
2020-09-18,Cook,The Grove of Evanston,89,19,Open,0.21348314606741572,1,COOK-THE GROVE OF EVANSTON,145011
2020-09-18,Cook,The Grove of La Grange,6,1,Open,0.16666666666666666,1,COOK-THE GROVE OF LA GRANGE,145307
2020-09-18,Cook,The Grove of Northbrook,12,0,Open,0.0,1,COOK-THE GROVE OF NORTHBROOK,145809
2020-09-18,Cook,The Grove of Skokie,40,6,Open,0.15,1,COOK-THE GROVE OF SKOKIE,145860
2020-09-18,Cook,The Hartwell,14,0,Open,0.0,1,COOK-THE HARTWELL,No Match
2020-09-18,Cook,The Mather Evanston,7,0,Closed,0.0,1,COOK-THE MATHER EVANSTON,146145
2020-09-18,Cook,The Mooring of Arlington heights,3,0,Open,0.0,1,COOK-THE MOORING OF ARLINGTON HEIGHTS,146007
2020-09-18,Cook,The Pointe of Kilpatrick ,38,7,Open,0.18421052631578946,1,COOK-THE POINTE OF KILPATRICK ,No Match
2020-09-18,Cook,The Reserve at Arlington Heights,11,1,Open,0.09090909090909091,1,COOK-THE RESERVE AT ARLINGTON HEIGHTS,No Match
2020-09-18,Cook,The Sheridan of Park Ridge,9,3,Open,0.3333333333333333,1,COOK-THE SHERIDAN OF PARK RIDGE,No Match
2020-09-18,Cook,The Vine At Countryside,31,4,Open,0.12903225806451613,1,COOK-THE VINE AT COUNTRYSIDE,No Match
2020-09-18,Cook,Thornton Heights Terrace,2,0,Closed,0.0,1,COOK-THORNTON HEIGHTS TERRACE,No Match
2020-09-18,Cook,Three Crown Park ,48,8,Closed,0.16666666666666666,1,COOK-THREE CROWN PARK ,No Match
2020-09-18,Cook,Tri-States Nursing & rehab Center,40,5,Open,0.125,1,COOK-TRI-STATES NURSING & REHAB CENTER,145879
2020-09-18,Cook,Uptown Health Center,124,18,Open,0.14516129032258066,1,COOK-UPTOWN HEALTH CENTER,145881
2020-09-18,Cook,Vi at the Glen,27,4,Open,0.14814814814814814,1,COOK-VI AT THE GLEN,146107
2020-09-18,Cook,Victory Center of Bartlett,3,0,Open,0.0,1,COOK-VICTORY CENTER OF BARTLETT,No Match
2020-09-18,Cook,Victory Centre of Riverwoods,9,4,Open,0.4444444444444444,1,COOK-VICTORY CENTRE OF RIVERWOODS,No Match
2020-09-18,Cook,Victory Centre of Sierra Ridge,13,1,Open,0.07692307692307693,1,COOK-VICTORY CENTRE OF SIERRA RIDGE,No Match
2020-09-18,Cook,Villa at Palos Heights,26,5,Open,0.19230769230769232,1,COOK-VILLA AT PALOS HEIGHTS,145779
2020-09-18,Cook,Villa at South Holland,34,9,Open,0.2647058823529412,1,COOK-VILLA AT SOUTH HOLLAND,145671
2020-09-18,Cook,Villa at Windsor Park,2,0,Open,0.0,1,COOK-VILLA AT WINDSOR PARK,145970
2020-09-18,Cook,Villa at Windsor Park,165,48,Closed,0.2909090909090909,1,COOK-VILLA AT WINDSOR PARK,145970
2020-09-18,Cook,Warren Barr Gold Coast,42,4,Open,0.09523809523809523,1,COOK-WARREN BARR GOLD COAST,145336
2020-09-18,Cook,Warren Barr Lincoln Park,56,11,Closed,0.19642857142857142,1,COOK-WARREN BARR LINCOLN PARK,145875
2020-09-18,Cook,Warren Barr South Loop,42,3,Open,0.07142857142857142,1,COOK-WARREN BARR SOUTH LOOP,145632
2020-09-18,Cook,Waterfront Terrace,69,13,Closed,0.18840579710144928,1,COOK-WATERFRONT TERRACE,145939
2020-09-18,Cook,Waverly Inn Memory Care Community,18,8,Open,0.4444444444444444,1,COOK-WAVERLY INN MEMORY CARE COMMUNITY,No Match
2020-09-18,Cook,Weinberg Community for Senior Living,24,2,Open,0.08333333333333333,1,COOK-WEINBERG COMMUNITY FOR SENIOR LIVING,No Match
2020-09-18,Cook,Wesley Place,9,0,Closed,0.0,1,COOK-WESLEY PLACE,145591
2020-09-18,Cook,Westchester Health and Rehabilitation Center,46,12,Open,0.2608695652173913,1,COOK-WESTCHESTER HEALTH AND REHABILITATION CENTER,145660
2020-09-18,Cook,Westminster Place,16,0,Closed,0.0,1,COOK-WESTMINSTER PLACE,145026
2020-09-18,Cook,Westwood Manor,63,2,Closed,0.031746031746031744,1,COOK-WESTWOOD MANOR,146149
2020-09-18,Cook,Windsor Estates,111,22,Open,0.1981981981981982,1,COOK-WINDSOR ESTATES,145967
2020-09-18,Cook,Winston Manor,48,8,Closed,0.16666666666666666,1,COOK-WINSTON MANOR,140E170
2020-09-18,Cook,Woodbridge Nursing Pavilion,219,40,Closed,0.182648401826484,1,COOK-WOODBRIDGE NURSING PAVILION,145792
2020-09-18,Cumberland,Heartland Senior Living,35,3,Open,0.08571428571428572,1,CUMBERLAND-HEARTLAND SENIOR LIVING,146030
2020-09-18,DeKalb,Bethany Rehabilitation and Health Care Center,2,0,Closed,0.0,1,DEKALB-BETHANY REHABILITATION AND HEALTH CARE CENTER,145958
2020-09-18,DeKalb,DeKalb County Rehab and Nursing,3,0,Closed,0.0,1,DEKALB-DEKALB COUNTY REHAB AND NURSING,145547
2020-09-18,DeKalb,DeKalb County Rehab and Nursing,7,0,Open,0.0,1,DEKALB-DEKALB COUNTY REHAB AND NURSING,145547
2020-09-18,DeKalb,Oakcrest DeKalb Area Retirement Center,6,0,Open,0.0,1,DEKALB-OAKCREST DEKALB AREA RETIREMENT CENTER,146105
2020-09-18,DeKalb,Pine Acres,82,12,Closed,0.14634146341463414,1,DEKALB-PINE ACRES,145261
2020-09-18,DeKalb,Willow Crest Nursing Pavilion,65,13,Open,0.2,1,DEKALB-WILLOW CREST NURSING PAVILION,145712
2020-09-18,Douglas,Arcola Health Care,2,0,Open,0.0,1,DOUGLAS-ARCOLA HEALTH CARE,146050
2020-09-18,DuPage,Abbington Rehab & Nursing Center,74,6,Open,0.08108108108108109,1,DUPAGE-ABBINGTON REHAB & NURSING CENTER,146065
2020-09-18,DuPage,Alden Estates of Naperville,103,21,Open,0.20388349514563106,1,DUPAGE-ALDEN ESTATES OF NAPERVILLE,145582
2020-09-18,DuPage,Alden of Old Town East,3,0,Closed,0.0,1,DUPAGE-ALDEN OF OLD TOWN EAST,No Match
2020-09-18,DuPage,Alden Old Town East,4,0,Open,0.0,1,DUPAGE-ALDEN OLD TOWN EAST,No Match
2020-09-18,DuPage,Alden Old Town West,2,0,Closed,0.0,1,DUPAGE-ALDEN OLD TOWN WEST,No Match
2020-09-18,DuPage,Alden Springs ,2,0,Closed,0.0,1,DUPAGE-ALDEN SPRINGS ,No Match
2020-09-18,DuPage,Alden Trails,3,0,Closed,0.0,1,DUPAGE-ALDEN TRAILS,No Match
2020-09-18,DuPage,Alden Trails,5,0,Closed,0.0,1,DUPAGE-ALDEN TRAILS,No Match
2020-09-18,DuPage,Alden Valley Ridge,44,22,Open,0.5,1,DUPAGE-ALDEN VALLEY RIDGE,145379
2020-09-18,DuPage,Alden Village,4,0,Open,0.0,1,DUPAGE-ALDEN VILLAGE,No Match
2020-09-18,DuPage,Alden Village Bloomingdale,22,2,Closed,0.09090909090909091,1,DUPAGE-ALDEN VILLAGE BLOOMINGDALE,No Match
2020-09-18,DuPage,Aperion Care West Chicago,47,7,Open,0.14893617021276595,1,DUPAGE-APERION CARE WEST CHICAGO,145830
2020-09-18,DuPage,Arista Healthcare Naperville,12,1,Closed,0.08333333333333333,1,DUPAGE-ARISTA HEALTHCARE NAPERVILLE,145358
2020-09-18,DuPage,Artis Elmhurst,2,0,Closed,0.0,1,DUPAGE-ARTIS ELMHURST,No Match
2020-09-18,DuPage,Artis Senior Living Elmhurst,42,20,Closed,0.47619047619047616,1,DUPAGE-ARTIS SENIOR LIVING ELMHURST,No Match
2020-09-18,DuPage,Artis Senior Living of Bartlett,29,12,Open,0.41379310344827586,1,DUPAGE-ARTIS SENIOR LIVING OF BARTLETT,No Match
2020-09-18,DuPage,Aspired Living of Westmont,13,4,Closed,0.3076923076923077,1,DUPAGE-ASPIRED LIVING OF WESTMONT,No Match
2020-09-18,DuPage,Atria Park of Glen Ellyn,2,0,Open,0.0,1,DUPAGE-ATRIA PARK OF GLEN ELLYN,No Match
2020-09-18,DuPage,Beacon Hill Lombard,48,6,Open,0.125,1,DUPAGE-BEACON HILL LOMBARD,145522
2020-09-18,DuPage,Belmont Village Senior Living Carol Stream,30,4,Open,0.13333333333333333,1,DUPAGE-BELMONT VILLAGE SENIOR LIVING CAROL STREAM,No Match
2020-09-18,DuPage,Bria of Westmont,152,29,Open,0.19078947368421054,1,DUPAGE-BRIA OF WESTMONT,145405
2020-09-18,DuPage,Bridgeway Senior Living,69,7,Open,0.10144927536231885,1,DUPAGE-BRIDGEWAY SENIOR LIVING,No Match
2020-09-18,DuPage,Brookdale Burr Ridge,21,5,Closed,0.23809523809523808,1,DUPAGE-BROOKDALE BURR RIDGE,146094
2020-09-18,DuPage,Brookdale Glen Ellyn,8,1,Open,0.125,1,DUPAGE-BROOKDALE GLEN ELLYN,No Match
2020-09-18,DuPage,Brookdale Lisle,45,8,Open,0.17777777777777778,1,DUPAGE-BROOKDALE LISLE,146061
2020-09-18,DuPage,Brookdale Lisle Assisted and Independent Living,8,0,Open,0.0,1,DUPAGE-BROOKDALE LISLE ASSISTED AND INDEPENDENT LIVING,No Match
2020-09-18,DuPage,Burgess Square Healthcare & Rehab Center,36,3,Open,0.08333333333333333,1,DUPAGE-BURGESS SQUARE HEALTHCARE & REHAB CENTER,145219
2020-09-18,DuPage,Cedarhurst Naperville,3,0,Closed,0.0,1,DUPAGE-CEDARHURST NAPERVILLE,No Match
2020-09-18,DuPage,Cedarhurst of Naperville,5,1,Closed,0.2,1,DUPAGE-CEDARHURST OF NAPERVILLE,No Match
2020-09-18,DuPage,Chateau Center Nursing & Rehabilitation,58,14,Open,0.2413793103448276,1,DUPAGE-CHATEAU CENTER NURSING & REHABILITATION,145614
2020-09-18,DuPage,Clarendale of Addison,8,0,Open,0.0,1,DUPAGE-CLARENDALE OF ADDISON,No Match
2020-09-18,DuPage,DuPage Care Center,69,4,Open,0.057971014492753624,1,DUPAGE-DUPAGE CARE CENTER,145050
2020-09-18,DuPage,Forestview Rehabilitation & Nursing Center,120,16,Open,0.13333333333333333,1,DUPAGE-FORESTVIEW REHABILITATION & NURSING CENTER,145752
2020-09-18,DuPage,Harbor Chase of Naperville,6,0,Closed,0.0,1,DUPAGE-HARBOR CHASE OF NAPERVILLE,No Match
2020-09-18,DuPage,Harvester Place Memory Care,38,13,Open,0.34210526315789475,1,DUPAGE-HARVESTER PLACE MEMORY CARE,No Match
2020-09-18,DuPage,Lacey Creek Supportive Living,2,0,Closed,0.0,1,DUPAGE-LACEY CREEK SUPPORTIVE LIVING,No Match
2020-09-18,DuPage,Lakeview Memory Care Community,27,5,Open,0.18518518518518517,1,DUPAGE-LAKEVIEW MEMORY CARE COMMUNITY,No Match
2020-09-18,DuPage,Lexington of Bloomingdale,72,21,Open,0.2916666666666667,1,DUPAGE-LEXINGTON OF BLOOMINGDALE,145638
2020-09-18,DuPage,Lexington of Elmhurst,20,13,Closed,0.65,1,DUPAGE-LEXINGTON OF ELMHURST,145711
2020-09-18,DuPage,Lexington of Lombard,43,12,Open,0.27906976744186046,1,DUPAGE-LEXINGTON OF LOMBARD,145511
2020-09-18,DuPage,Lexington Square Elmhurst AL/IL,2,0,Open,0.0,1,DUPAGE-LEXINGTON SQUARE ELMHURST AL/IL,No Match
2020-09-18,DuPage,Lexington Square Lombard,3,0,Closed,0.0,1,DUPAGE-LEXINGTON SQUARE LOMBARD,No Match
2020-09-18,DuPage,Manorcare Hinsdale,168,34,Open,0.20238095238095238,1,DUPAGE-MANORCARE HINSDALE,145246
2020-09-18,DuPage,Maple Glen Memory Care,6,0,Open,0.0,1,DUPAGE-MAPLE GLEN MEMORY CARE,No Match
2020-09-18,DuPage,Meadowbrook Manor Naperville,37,3,Open,0.08108108108108109,1,DUPAGE-MEADOWBROOK MANOR NAPERVILLE,145874
2020-09-18,DuPage,Naperville Manor Health & Rehab Center,12,1,Open,0.08333333333333333,1,DUPAGE-NAPERVILLE MANOR HEALTH & REHAB CENTER,No Match
2020-09-18,DuPage,Oakbrook Care,103,24,Closed,0.23300970873786409,1,DUPAGE-OAKBROOK CARE,145458
2020-09-18,DuPage,Oak Trace,9,3,Closed,0.3333333333333333,1,DUPAGE-OAK TRACE,145804
2020-09-18,DuPage,Oak Trace Skilled Nursing,2,0,Closed,0.0,1,DUPAGE-OAK TRACE SKILLED NURSING,No Match
2020-09-18,DuPage,Park Place Health and Wellness Center ,2,0,Closed,0.0,1,DUPAGE-PARK PLACE HEALTH AND WELLNESS CENTER ,No Match
2020-09-18,DuPage,Park Place of Elmhurst Assisted Living/Memory Care,2,0,Open,0.0,1,DUPAGE-PARK PLACE OF ELMHURST ASSISTED LIVING/MEMORY CARE,No Match
2020-09-18,DuPage,Providence Healthcare & Rehabilitation Center,74,13,Open,0.17567567567567569,1,DUPAGE-PROVIDENCE HEALTHCARE & REHABILITATION CENTER,145657
2020-09-18,DuPage,Ray Graham Iona Glos,27,2,Open,0.07407407407407407,1,DUPAGE-RAY GRAHAM IONA GLOS,No Match
2020-09-18,DuPage,Rehab Without Walls,11,0,Open,0.0,1,DUPAGE-REHAB WITHOUT WALLS,No Match
2020-09-18,DuPage,Saratoga Grove,9,0,Open,0.0,1,DUPAGE-SARATOGA GROVE,No Match
2020-09-18,DuPage,St. Patricks Residence Nursing and Rehabilitation,20,0,Open,0.0,1,DUPAGE-ST. PATRICKS RESIDENCE NURSING AND REHABILITATION,145878
2020-09-18,DuPage,St. Patricks Residence Nursing & Rehabilitation,4,0,Closed,0.0,1,DUPAGE-ST. PATRICKS RESIDENCE NURSING & REHABILITATION,145878
2020-09-18,DuPage,Sunrise of Bloomingdale Assisted Living,6,1,Open,0.16666666666666666,1,DUPAGE-SUNRISE OF BLOOMINGDALE ASSISTED LIVING,No Match
2020-09-18,DuPage,Sunrise of Willowbrook Assisted Living,12,1,Open,0.08333333333333333,1,DUPAGE-SUNRISE OF WILLOWBROOK ASSISTED LIVING,No Match
2020-09-18,DuPage,Tabor Hills Healthcare,2,0,Closed,0.0,1,DUPAGE-TABOR HILLS HEALTHCARE,145840
2020-09-18,DuPage,Tabor Hills Healthcare,34,7,Closed,0.20588235294117646,1,DUPAGE-TABOR HILLS HEALTHCARE,145840
2020-09-18,DuPage,Terra Vista of Oakbrook Terrace,27,3,Open,0.1111111111111111,1,DUPAGE-TERRA VISTA OF OAKBROOK TERRACE,No Match
2020-09-18,DuPage,The Auberge at Naperville,2,0,Open,0.0,1,DUPAGE-THE AUBERGE AT NAPERVILLE,No Match
2020-09-18,DuPage,The Auberge at Naperville,5,0,Closed,0.0,1,DUPAGE-THE AUBERGE AT NAPERVILLE,No Match
2020-09-18,DuPage,The Birches Assisted Living Clarendon Hills,10,0,Closed,0.0,1,DUPAGE-THE BIRCHES ASSISTED LIVING CLARENDON HILLS,No Match
2020-09-18,DuPage,The Grove of Elmhurst,98,15,Open,0.15306122448979592,1,DUPAGE-THE GROVE OF ELMHURST,145339
2020-09-18,DuPage,The Radcliff Wood Dale,13,2,Closed,0.15384615384615385,1,DUPAGE-THE RADCLIFF WOOD DALE,No Match
2020-09-18,DuPage,The Springs of Monarch Landing Skilled Nursing,2,0,Open,0.0,1,DUPAGE-THE SPRINGS OF MONARCH LANDING SKILLED NURSING,146173
2020-09-18,DuPage,Westbridge Assisted Living Wheaton,9,4,Closed,0.4444444444444444,1,DUPAGE-WESTBRIDGE ASSISTED LIVING WHEATON,No Match
2020-09-18,DuPage,West Chicago Terrace,9,0,Closed,0.0,1,DUPAGE-WEST CHICAGO TERRACE,14E392
2020-09-18,DuPage,Westmont Manor Health and Rehab Center,46,16,Open,0.34782608695652173,1,DUPAGE-WESTMONT MANOR HEALTH AND REHAB CENTER,145338
2020-09-18,DuPage,West Suburban Nursing & Rehabilitation Center,118,17,Open,0.1440677966101695,1,DUPAGE-WEST SUBURBAN NURSING & REHABILITATION CENTER,145333
2020-09-18,DuPage,Wheaton Village,56,7,Open,0.125,1,DUPAGE-WHEATON VILLAGE,145715
2020-09-18,DuPage,Windsor Park Manor,109,21,Open,0.1926605504587156,1,DUPAGE-WINDSOR PARK MANOR,No Match
2020-09-18,DuPage,Winfield Woods Healthcare Center,2,0,Closed,0.0,1,DUPAGE-WINFIELD WOODS HEALTHCARE CENTER,146168
2020-09-18,DuPage,Winfield Woods Healthcare Center,10,0,Open,0.0,1,DUPAGE-WINFIELD WOODS HEALTHCARE CENTER,146168
2020-09-18,DuPage,Wynscape Health and Rehabilitation,2,0,Closed,0.0,1,DUPAGE-WYNSCAPE HEALTH AND REHABILITATION,145213
2020-09-18,DuPage,Wynscape Health and Rehabilitation,3,0,Closed,0.0,1,DUPAGE-WYNSCAPE HEALTH AND REHABILITATION,145213
2020-09-18,Edgar,Twin Lakes Rehab Center,32,2,Open,0.0625,1,EDGAR-TWIN LAKES REHAB CENTER,145466
2020-09-18,Effingham,LAKELAND REHABILITATION & HEALTH CARE,3,0,Open,0.0,1,EFFINGHAM-LAKELAND REHABILITATION & HEALTH CARE,145256
2020-09-18,Effingham,Lutheran Care Center,2,0,Open,0.0,1,EFFINGHAM-LUTHERAN CARE CENTER,145380
2020-09-18,Effingham,The Glenwood,4,0,Open,0.0,1,EFFINGHAM-THE GLENWOOD,No Match
2020-09-18,Fayette,Aperion Care St Elmo,2,0,Open,0.0,1,FAYETTE-APERION CARE ST ELMO,145857
2020-09-18,Fayette,Sarah Bush Lincoln Fayette County Hospital,2,0,Open,0.0,1,FAYETTE-SARAH BUSH LINCOLN FAYETTE COUNTY HOSPITAL,No Match
2020-09-18,Ford,Accolade Healthcare,5,0,Closed,0.0,1,FORD-ACCOLADE HEALTHCARE,No Match
2020-09-18,Ford,Accolade Healthcare of Paxton on Pells,38,3,Open,0.07894736842105263,1,FORD-ACCOLADE HEALTHCARE OF PAXTON ON PELLS,145603
2020-09-18,Ford,Accolade Healthcare of Paxton Senior Living,2,0,Closed,0.0,1,FORD-ACCOLADE HEALTHCARE OF PAXTON SENIOR LIVING,145449
2020-09-18,Ford,Gibson Area Hospital Annex,4,0,Closed,0.0,1,FORD-GIBSON AREA HOSPITAL ANNEX,145979
2020-09-18,Franklin,Helia Healthcare Frankfort Care Center,2,0,Open,0.0,1,FRANKLIN-HELIA HEALTHCARE FRANKFORT CARE CENTER,No Match
2020-09-18,Greene,White Hall Nursing and Rehab,87,2,Open,0.022988505747126436,1,GREENE-WHITE HALL NURSING AND REHAB,145519
2020-09-18,Grundy,Parkpointe ,31,3,Closed,0.0967741935483871,1,GRUNDY-PARKPOINTE ,No Match
2020-09-18,Hardin,Rosiclare Rehabilitation and Health Care Center,2,0,Open,0.0,1,HARDIN-ROSICLARE REHABILITATION AND HEALTH CARE CENTER,No Match
2020-09-18,Iroquois,Ascension Presence Merkle Knipprath,51,4,Closed,0.0784313725490196,1,IROQUOIS-ASCENSION PRESENCE MERKLE KNIPPRATH,146085
2020-09-18,Iroquois,Gilman Health Care Center,78,14,Closed,0.1794871794871795,1,IROQUOIS-GILMAN HEALTH CARE CENTER,145347
2020-09-18,Iroquois,Prairieview Lutheran Homes,3,0,Closed,0.0,1,IROQUOIS-PRAIRIEVIEW LUTHERAN HOMES,145953
2020-09-18,Jackson,Integrity Healthcare of Carbondale,41,5,Open,0.12195121951219512,1,JACKSON-INTEGRITY HEALTHCARE OF CARBONDALE,145757
2020-09-18,Jackson,Manor Court of Carbondale,40,10,Open,0.25,1,JACKSON-MANOR COURT OF CARBONDALE,146171
2020-09-18,Jackson,Prairie Living at Chautauqua,4,1,Open,0.25,1,JACKSON-PRAIRIE LIVING AT CHAUTAUQUA,No Match
2020-09-18,Jasper,Newton Care Center,49,8,Open,0.16326530612244897,1,JASPER-NEWTON CARE CENTER,145807
2020-09-18,Jasper,Villas of Hollybrook,2,0,Open,0.0,1,JASPER-VILLAS OF HOLLYBROOK,No Match
2020-09-18,Jefferson,Country Side Manor,2,0,Closed,0.0,1,JEFFERSON-COUNTRY SIDE MANOR,No Match
2020-09-18,Jefferson,GreenTree at Mt. Vernon,73,16,Closed,0.2191780821917808,1,JEFFERSON-GREENTREE AT MT. VERNON,No Match
2020-09-18,Jefferson,Lavender Ridge Memory Care,13,3,Open,0.23076923076923078,1,JEFFERSON-LAVENDER RIDGE MEMORY CARE,No Match
2020-09-18,Jefferson,Mt. Vernon Countryside Manor,2,0,Closed,0.0,1,JEFFERSON-MT. VERNON COUNTRYSIDE MANOR,145685
2020-09-18,Jefferson,Mt Vernon Health Care Center,91,17,Open,0.18681318681318682,1,JEFFERSON-MT VERNON HEALTH CARE CENTER,No Match
2020-09-18,Jersey,Liberty Village of Jerseyville,82,8,Open,0.0975609756097561,1,JERSEY-LIBERTY VILLAGE OF JERSEYVILLE,No Match
2020-09-18,Jo Daviess,Galena Stauss Nursing Home,2,0,Closed,0.0,1,JO DAVIESS-GALENA STAUSS NURSING HOME,146140
2020-09-18,Jo Daviess,Galena Stauss Nursing Home,6,0,Open,0.0,1,JO DAVIESS-GALENA STAUSS NURSING HOME,146140
2020-09-18,Jo Daviess,Galena Stauss Senior Care,6,0,Open,0.0,1,JO DAVIESS-GALENA STAUSS SENIOR CARE,No Match
2020-09-18,Kane,Alden Courts of Waterford,8,0,Closed,0.0,1,KANE-ALDEN COURTS OF WATERFORD,146182
2020-09-18,Kane,Alden Estates Courts of Huntley ,9,0,Open,0.0,1,KANE-ALDEN ESTATES COURTS OF HUNTLEY ,No Match
2020-09-18,Kane,Alden Gardens of Waterford,3,0,Closed,0.0,1,KANE-ALDEN GARDENS OF WATERFORD,146008
2020-09-18,Kane,Alden of Waterford,41,10,Closed,0.24390243902439024,1,KANE-ALDEN OF WATERFORD,146182
2020-09-18,Kane,Aperion Care,27,5,Open,0.18518518518518517,1,KANE-APERION CARE,No Match
2020-09-18,Kane,Aperion Care Elgin,4,0,Closed,0.0,1,KANE-APERION CARE ELGIN,145740
2020-09-18,Kane,Arden Courts of Geneva,7,2,Closed,0.2857142857142857,1,KANE-ARDEN COURTS OF GENEVA,No Match
2020-09-18,Kane,Asbury Gardens,92,19,Closed,0.20652173913043478,1,KANE-ASBURY GARDENS,146170
2020-09-18,Kane,Avantara Elgin,36,4,Open,0.1111111111111111,1,KANE-AVANTARA ELGIN,145699
2020-09-18,Kane,Avondale Estates of Elgin,38,3,Open,0.07894736842105263,1,KANE-AVONDALE ESTATES OF ELGIN,146181
2020-09-18,Kane,Batavia Rehabilitation Center,12,2,Closed,0.16666666666666666,1,KANE-BATAVIA REHABILITATION CENTER,140E96
2020-09-18,Kane,Bickford of Aurora,2,0,Open,0.0,1,KANE-BICKFORD OF AURORA,No Match
2020-09-18,Kane,Bickford of Aurora,29,7,Closed,0.2413793103448276,1,KANE-BICKFORD OF AURORA,No Match
2020-09-18,Kane,Bria of Geneva,136,30,Open,0.22058823529411764,1,KANE-BRIA OF GENEVA,146067
2020-09-18,Kane,Bright Oaks,5,0,Open,0.0,1,KANE-BRIGHT OAKS,No Match
2020-09-18,Kane,Bright Oaks of Aurora,17,4,Closed,0.23529411764705882,1,KANE-BRIGHT OAKS OF AURORA,No Match
2020-09-18,Kane,Brighton Garden of St Charles,3,1,Closed,0.3333333333333333,1,KANE-BRIGHTON GARDEN OF ST CHARLES,No Match
2020-09-18,Kane,Brighton Gardens ,3,0,Open,0.0,1,KANE-BRIGHTON GARDENS ,No Match
2020-09-18,Kane,Citadel of Elgin,73,10,Closed,0.136986301369863,1,KANE-CITADEL OF ELGIN,145004
2020-09-18,Kane,Dunham Rehab & Healthcare,2,0,Open,0.0,1,KANE-DUNHAM REHAB & HEALTHCARE,145980
2020-09-18,Kane,Dunham Rehabilitation Center,6,1,Closed,0.16666666666666666,1,KANE-DUNHAM REHABILITATION CENTER,No Match
2020-09-18,Kane,Elmwood Terrace,38,6,Closed,0.15789473684210525,1,KANE-ELMWOOD TERRACE,145663
2020-09-18,Kane,Fox knoll,14,2,Closed,0.14285714285714285,1,KANE-FOX KNOLL,No Match
2020-09-18,Kane,Fox Knoll,4,0,Open,0.0,1,KANE-FOX KNOLL,No Match
2020-09-18,Kane,Fox River Rehab and Healthcare,51,15,Closed,0.29411764705882354,1,KANE-FOX RIVER REHAB AND HEALTHCARE,145821
2020-09-18,Kane,Greenfields of Geneva,9,0,Closed,0.0,1,KANE-GREENFIELDS OF GENEVA,146166
2020-09-18,Kane,GreenFields of Geneva,4,0,Closed,0.0,1,KANE-GREENFIELDS OF GENEVA,146166
2020-09-18,Kane,Grove of St. Charles,11,2,Closed,0.18181818181818182,1,KANE-GROVE OF ST. CHARLES,No Match
2020-09-18,Kane,Heritage Health Therapy and Senior Care,40,3,Closed,0.075,1,KANE-HERITAGE HEALTH THERAPY AND SENIOR CARE,No Match
2020-09-18,Kane,Heritage Woods of South Elgin ,2,0,Open,0.0,1,KANE-HERITAGE WOODS OF SOUTH ELGIN ,No Match
2020-09-18,Kane,Highland Oaks,5,0,Closed,0.0,1,KANE-HIGHLAND OAKS,14A383
2020-09-18,Kane,Jennings Terrace,3,0,Closed,0.0,1,KANE-JENNINGS TERRACE,14A539
2020-09-18,Kane,Jennings Terrace,17,1,Open,0.058823529411764705,1,KANE-JENNINGS TERRACE,14A539
2020-09-18,Kane,MarkLund Hyde Center,3,0,Closed,0.0,1,KANE-MARKLUND HYDE CENTER,No Match
2020-09-18,Kane,Michealsen Health Center ,6,0,Closed,0.0,1,KANE-MICHEALSEN HEALTH CENTER ,No Match
2020-09-18,Kane,Northern Illinois Academy,13,0,Closed,0.0,1,KANE-NORTHERN ILLINOIS ACADEMY,No Match
2020-09-18,Kane,River Glen,6,0,Closed,0.0,1,KANE-RIVER GLEN,No Match
2020-09-18,Kane,Riverview Rehab Center,13,0,Closed,0.0,1,KANE-RIVERVIEW REHAB CENTER,No Match
2020-09-18,Kane,South Elgin Rehab,35,1,Closed,0.02857142857142857,1,KANE-SOUTH ELGIN REHAB,145825
2020-09-18,Kane,Sunnymere,11,0,Closed,0.0,1,KANE-SUNNYMERE,No Match
2020-09-18,Kane,Symphony of Orchard Valley,11,0,Open,0.0,1,KANE-SYMPHONY OF ORCHARD VALLEY,145473
2020-09-18,Kane,Symphony of Orchard Valley,112,24,Closed,0.21428571428571427,1,KANE-SYMPHONY OF ORCHARD VALLEY,145473
2020-09-18,Kane,The Grove Fox Valley,3,0,Closed,0.0,1,KANE-THE GROVE FOX VALLEY,145006
2020-09-18,Kane,The Grove of Fox Valley,7,0,Closed,0.0,1,KANE-THE GROVE OF FOX VALLEY,145006
2020-09-18,Kane,The Grove St. Charles ,6,0,Open,0.0,1,KANE-THE GROVE ST. CHARLES ,No Match
2020-09-18,Kane,The Sheridan at Tyler Creek,5,0,Closed,0.0,1,KANE-THE SHERIDAN AT TYLER CREEK,No Match
2020-09-18,Kane,Tower Hill Healthcare Center,170,30,Open,0.17647058823529413,1,KANE-TOWER HILL HEALTHCARE CENTER,145795
2020-09-18,Kane,White Oaks at South Elgin,5,1,Closed,0.2,1,KANE-WHITE OAKS AT SOUTH ELGIN,No Match
2020-09-18,Kane,White Oaks at South Elgin ,12,2,Open,0.16666666666666666,1,KANE-WHITE OAKS AT SOUTH ELGIN ,No Match
2020-09-18,Kane,White Oaks Spring Street,12,2,Closed,0.16666666666666666,1,KANE-WHITE OAKS SPRING STREET,No Match
2020-09-18,Kankakee,Aperion Care Bradley,2,0,Closed,0.0,1,KANKAKEE-APERION CARE BRADLEY,146112
2020-09-18,Kankakee,Bickford Senior Center of Bourbonnais,6,1,Closed,0.16666666666666666,1,KANKAKEE-BICKFORD SENIOR CENTER OF BOURBONNAIS,No Match
2020-09-18,Kankakee,Citadel Care Center of Kankakee,5,0,Closed,0.0,1,KANKAKEE-CITADEL CARE CENTER OF KANKAKEE,145043
2020-09-18,Kankakee,Citadel of Kankakee,53,0,Open,0.0,1,KANKAKEE-CITADEL OF KANKAKEE,145043
2020-09-18,Kankakee,Harvest View Senior Living,4,0,Closed,0.0,1,KANKAKEE-HARVEST VIEW SENIOR LIVING,No Match
2020-09-18,Kankakee,Heritage Village,2,0,Closed,0.0,1,KANKAKEE-HERITAGE VILLAGE,No Match
2020-09-18,Kankakee,Illinois Veterans Home,88,17,Open,0.19318181818181818,1,KANKAKEE-ILLINOIS VETERANS HOME,No Match
2020-09-18,Kankakee,Kankakee terrace,5,0,Open,0.0,1,KANKAKEE-KANKAKEE TERRACE,No Match
2020-09-18,Kankakee,Manteno Veterans Home,19,2,Open,0.10526315789473684,1,KANKAKEE-MANTENO VETERANS HOME,No Match
2020-09-18,Kankakee,Presence Our Lady of Victory,3,0,Open,0.0,1,KANKAKEE-PRESENCE OUR LADY OF VICTORY,145536
2020-09-18,Kankakee,Presence Our Lady of Victory - Ascension Living,4,1,Closed,0.25,1,KANKAKEE-PRESENCE OUR LADY OF VICTORY - ASCENSION LIVING,No Match
2020-09-18,Kankakee,Riverside Miller Rehabilitation,18,0,Open,0.0,1,KANKAKEE-RIVERSIDE MILLER REHABILITATION,No Match
2020-09-18,Kankakee,Riverside Miller Rehabilitation,88,22,Closed,0.25,1,KANKAKEE-RIVERSIDE MILLER REHABILITATION,No Match
2020-09-18,Kankakee,Riverside Senior Life at Bourbonnais,8,0,Closed,0.0,1,KANKAKEE-RIVERSIDE SENIOR LIFE AT BOURBONNAIS,No Match
2020-09-18,Kankakee,Samuel H. Shapiro Developmental Center,226,1,Open,0.004424778761061947,1,KANKAKEE-SAMUEL H. SHAPIRO DEVELOPMENTAL CENTER,No Match
2020-09-18,Kendall,Association for Individual Development (A.I.D),4,3,Closed,0.75,1,KENDALL-ASSOCIATION FOR INDIVIDUAL DEVELOPMENT (A.I.D),No Match
2020-09-18,Kendall,Hillside Rehab and Care,8,2,Closed,0.25,1,KENDALL-HILLSIDE REHAB AND CARE,145609
2020-09-18,Kendall,Symphony At The Tillers of Oswego,50,9,Closed,0.18,1,KENDALL-SYMPHONY AT THE TILLERS OF OSWEGO,146034
2020-09-18,Knox,Knox County Nursing Home,14,2,Open,0.14285714285714285,1,KNOX-KNOX COUNTY NURSING HOME,145697
2020-09-18,Knox,Seminary Manor,2,0,Open,0.0,1,KNOX-SEMINARY MANOR,145598
2020-09-18,Lake,Alden Long Grove,80,21,Closed,0.2625,1,LAKE-ALDEN LONG GROVE,No Match
2020-09-18,Lake,Alden of Long Grove Rehab and HCC,2,0,Open,0.0,1,LAKE-ALDEN OF LONG GROVE REHAB AND HCC,145872
2020-09-18,Lake,Anthology Grayslake,4,0,Closed,0.0,1,LAKE-ANTHOLOGY GRAYSLAKE,No Match
2020-09-18,Lake,Aperion Care Highwood,95,14,Closed,0.14736842105263157,1,LAKE-APERION CARE HIGHWOOD,145936
2020-09-18,Lake,APERION CARE HIGHWOOD,2,0,Open,0.0,1,LAKE-APERION CARE HIGHWOOD,145936
2020-09-18,Lake,Arboria of Long Grove,4,0,Closed,0.0,1,LAKE-ARBORIA OF LONG GROVE,No Match
2020-09-18,Lake,Auberge at Highland Park,13,0,Closed,0.0,1,LAKE-AUBERGE AT HIGHLAND PARK,No Match
2020-09-18,Lake,Auberge at Lake Zurich,28,6,Closed,0.21428571428571427,1,LAKE-AUBERGE AT LAKE ZURICH,No Match
2020-09-18,Lake,Autumn Leaves of Gurnee,42,11,Closed,0.2619047619047619,1,LAKE-AUTUMN LEAVES OF GURNEE,No Match
2020-09-18,Lake,Avantara Long Grove,222,35,Open,0.15765765765765766,1,LAKE-AVANTARA LONG GROVE,145868
2020-09-18,Lake,Azpira Place of Lake Zurich,10,1,Open,0.1,1,LAKE-AZPIRA PLACE OF LAKE ZURICH,No Match
2020-09-18,Lake,Balmoral Care Center,16,2,Closed,0.125,1,LAKE-BALMORAL CARE CENTER,No Match
2020-09-18,Lake,Bayside Terrace,74,2,Closed,0.02702702702702703,1,LAKE-BAYSIDE TERRACE,No Match
2020-09-18,Lake,Belmont Village of Buffalo Grove,66,19,Closed,0.2878787878787879,1,LAKE-BELMONT VILLAGE OF BUFFALO GROVE,No Match
2020-09-18,Lake,Brookdale - Hawthorn Lakes,10,0,Closed,0.0,1,LAKE-BROOKDALE - HAWTHORN LAKES,No Match
2020-09-18,Lake,Brookdale Vernon Hills,23,3,Closed,0.13043478260869565,1,LAKE-BROOKDALE VERNON HILLS,No Match
2020-09-18,Lake,Captain James A Lovell FHCC CLC,4,0,Closed,0.0,1,LAKE-CAPTAIN JAMES A LOVELL FHCC CLC,No Match
2020-09-18,Lake,Captain James A Lovell FHCC CLC,37,6,Closed,0.16216216216216217,1,LAKE-CAPTAIN JAMES A LOVELL FHCC CLC,No Match
2020-09-18,Lake,Cedar Lake,16,8,Closed,0.5,1,LAKE-CEDAR LAKE,No Match
2020-09-18,Lake,Claridge Health Center,63,18,Closed,0.2857142857142857,1,LAKE-CLARIDGE HEALTH CENTER,145434
2020-09-18,Lake,Elevate Care Riverwoods,59,12,Open,0.2033898305084746,1,LAKE-ELEVATE CARE RIVERWOODS,145304
2020-09-18,Lake,Elevate Care Waukegan,74,13,Closed,0.17567567567567569,1,LAKE-ELEVATE CARE WAUKEGAN,145669
2020-09-18,Lake,Glenkirk Acorn CILA,7,1,Closed,0.14285714285714285,1,LAKE-GLENKIRK ACORN CILA,No Match
2020-09-18,Lake,Gurnee Meadows,2,0,Open,0.0,1,LAKE-GURNEE MEADOWS,No Match
2020-09-18,Lake,Heritage Woods of Gurnee,3,0,Closed,0.0,1,LAKE-HERITAGE WOODS OF GURNEE,No Match
2020-09-18,Lake,Hillcrest Retirement Village,178,17,Open,0.09550561797752809,1,LAKE-HILLCREST RETIREMENT VILLAGE,146130
2020-09-18,Lake,Kiley Development Center,15,0,Open,0.0,1,LAKE-KILEY DEVELOPMENT CENTER,No Match
2020-09-18,Lake,Kiley Development Center,29,1,Closed,0.034482758620689655,1,LAKE-KILEY DEVELOPMENT CENTER,No Match
2020-09-18,Lake,Lake Forest Place - Balmoral,3,0,Open,0.0,1,LAKE-LAKE FOREST PLACE - BALMORAL,145986
2020-09-18,Lake,Lexington of Lake Zurich,50,12,Closed,0.24,1,LAKE-LEXINGTON OF LAKE ZURICH,145816
2020-09-18,Lake,Lexington of Lake Zurich ,2,0,Open,0.0,1,LAKE-LEXINGTON OF LAKE ZURICH ,No Match
2020-09-18,Lake,Libertyville Manor,46,16,Open,0.34782608695652173,1,LAKE-LIBERTYVILLE MANOR,145344
2020-09-18,Lake,Manor Care of Libertyville,5,1,Open,0.2,1,LAKE-MANOR CARE OF LIBERTYVILLE,145593
2020-09-18,Lake,Manor Care of Libertyville,39,5,Closed,0.1282051282051282,1,LAKE-MANOR CARE OF LIBERTYVILLE,145593
2020-09-18,Lake,Mount St. Joseph,22,1,Closed,0.045454545454545456,1,LAKE-MOUNT ST. JOSEPH,No Match
2020-09-18,Lake,Pavilion of Waukegan,5,0,Closed,0.0,1,LAKE-PAVILION OF WAUKEGAN,145621
2020-09-18,Lake,Prarieview at the Garlands,4,1,Closed,0.25,1,LAKE-PRARIEVIEW AT THE GARLANDS,146118
2020-09-18,Lake,Radford Green at Sedgebrook,46,6,Open,0.13043478260869565,1,LAKE-RADFORD GREEN AT SEDGEBROOK,146136
2020-09-18,Lake,Riverside Foundation,73,5,Open,0.0684931506849315,1,LAKE-RIVERSIDE FOUNDATION,No Match
2020-09-18,Lake,Rolling Hills Manor,4,0,Open,0.0,1,LAKE-ROLLING HILLS MANOR,145443
2020-09-18,Lake,Rolling Hills Manor,7,1,Closed,0.14285714285714285,1,LAKE-ROLLING HILLS MANOR,145443
2020-09-18,Lake,Rolling Hills Place,7,1,Closed,0.14285714285714285,1,LAKE-ROLLING HILLS PLACE,No Match
2020-09-18,Lake,Seymour Terrace ,2,0,Open,0.0,1,LAKE-SEYMOUR TERRACE ,No Match
2020-09-18,Lake,Sheridan at Green Oaks,23,2,Closed,0.08695652173913043,1,LAKE-SHERIDAN AT GREEN OAKS,No Match
2020-09-18,Lake,Spring Meadows Libertyville,5,0,Closed,0.0,1,LAKE-SPRING MEADOWS LIBERTYVILLE,No Match
2020-09-18,Lake,Sunrise of Barrington,2,0,Open,0.0,1,LAKE-SUNRISE OF BARRINGTON,No Match
2020-09-18,Lake,Sunrise of Barrington,8,1,Closed,0.125,1,LAKE-SUNRISE OF BARRINGTON,No Match
2020-09-18,Lake,Sunrise of Buffalo Grove,3,0,Closed,0.0,1,LAKE-SUNRISE OF BUFFALO GROVE,No Match
2020-09-18,Lake,Sunrise Senior Living of Gurnee,2,0,Open,0.0,1,LAKE-SUNRISE SENIOR LIVING OF GURNEE,No Match
2020-09-18,Lake,Symphony Buffalo Grove,99,10,Open,0.10101010101010101,1,LAKE-SYMPHONY BUFFALO GROVE,145819
2020-09-18,Lake,Terrace Nursing Home,49,12,Closed,0.24489795918367346,1,LAKE-TERRACE NURSING HOME,No Match
2020-09-18,Lake,The Auberge At Highland Park,7,3,Closed,0.42857142857142855,1,LAKE-THE AUBERGE AT HIGHLAND PARK,No Match
2020-09-18,Lake,The Grove By the Lake,59,9,Closed,0.15254237288135594,1,LAKE-THE GROVE BY THE LAKE,145665
2020-09-18,Lake,The Solana Deer Park,17,5,Closed,0.29411764705882354,1,LAKE-THE SOLANA DEER PARK,No Match
2020-09-18,Lake,The Village at Victory Lakes,14,1,Closed,0.07142857142857142,1,LAKE-THE VILLAGE AT VICTORY LAKES,145602
2020-09-18,Lake,The Village at Victory Lakes Continuing Care Cente,4,0,Closed,0.0,1,LAKE-THE VILLAGE AT VICTORY LAKES CONTINUING CARE CENTE,No Match
2020-09-18,Lake,The Wellshire Lincolnshire,18,3,Open,0.16666666666666666,1,LAKE-THE WELLSHIRE LINCOLNSHIRE,No Match
2020-09-18,Lake,Victory Centre of  Vernon Hills,8,0,Closed,0.0,1,LAKE-VICTORY CENTRE OF  VERNON HILLS,No Match
2020-09-18,Lake,Victory Lakes Continuing Care Center,15,4,Closed,0.26666666666666666,1,LAKE-VICTORY LAKES CONTINUING CARE CENTER,No Match
2020-09-18,Lake,Warren Barr Lincolnshire,45,5,Open,0.1111111111111111,1,LAKE-WARREN BARR LINCOLNSHIRE,146028
2020-09-18,Lake,Warren Barr North Shore,88,16,Open,0.18181818181818182,1,LAKE-WARREN BARR NORTH SHORE,145923
2020-09-18,Lake,Wauconda Care,65,16,Closed,0.24615384615384617,1,LAKE-WAUCONDA CARE,145887
2020-09-18,Lake,Whitehall North,4,0,Open,0.0,1,LAKE-WHITEHALL NORTH,No Match
2020-09-18,Lake,Whitehall of Deerfield,67,3,Closed,0.04477611940298507,1,LAKE-WHITEHALL OF DEERFIELD,145706
2020-09-18,Lake,Winchester House,34,7,Closed,0.20588235294117646,1,LAKE-WINCHESTER HOUSE,No Match
2020-09-18,LaSalle,Aperion Care Marseilles,42,10,Closed,0.23809523809523808,1,LASALLE-APERION CARE MARSEILLES,145295
2020-09-18,LaSalle,Hawthorne Inn Assisted Living,3,0,Open,0.0,1,LASALLE-HAWTHORNE INN ASSISTED LIVING,No Match
2020-09-18,LaSalle,Heritage Health Mendota,115,18,Open,0.1565217391304348,1,LASALLE-HERITAGE HEALTH MENDOTA,145151
2020-09-18,LaSalle,Heritage Health Peru,14,0,Open,0.0,1,LASALLE-HERITAGE HEALTH PERU,145044
2020-09-18,LaSalle,Illinois Veterans Home - LaSalle,2,0,Closed,0.0,1,LASALLE-ILLINOIS VETERANS HOME - LASALLE,No Match
2020-09-18,LaSalle,LaSalle County Nursing Home,39,7,Open,0.1794871794871795,1,LASALLE-LASALLE COUNTY NURSING HOME,146116
2020-09-18,LaSalle,Ottawa Pavilion,12,0,Closed,0.0,1,LASALLE-OTTAWA PAVILION,145426
2020-09-18,LaSalle,Parker Nursing and Rehabilitation Center,32,1,Open,0.03125,1,LASALLE-PARKER NURSING AND REHABILITATION CENTER,145989
2020-09-18,LaSalle,Streator Unlimited Inc.,39,1,Open,0.02564102564102564,1,LASALLE-STREATOR UNLIMITED INC.,No Match
2020-09-18,Lawrence,United Methodist Village,2,0,Open,0.0,1,LAWRENCE-UNITED METHODIST VILLAGE,145722
2020-09-18,Lee,Jack Mabley Developmental Center,21,0,Open,0.0,1,LEE-JACK MABLEY DEVELOPMENTAL CENTER,No Match
2020-09-18,Lee,Jack Mabley Developmental Center,84,1,Closed,0.011904761904761904,1,LEE-JACK MABLEY DEVELOPMENTAL CENTER,No Match
2020-09-18,Livingston,Evenglow Lodge,3,0,Open,0.0,1,LIVINGSTON-EVENGLOW LODGE,146095
2020-09-18,Livingston,Good Samaritan Rehabilitation/Healthcare,7,1,Open,0.14285714285714285,1,LIVINGSTON-GOOD SAMARITAN REHABILITATION/HEALTHCARE,145930
2020-09-18,Livingston,Heritage Health - Dwight,2,0,Open,0.0,1,LIVINGSTON-HERITAGE HEALTH - DWIGHT,145452
2020-09-18,Logan,Christian Nursing Home,3,0,Closed,0.0,1,LOGAN-CHRISTIAN NURSING HOME,145430
2020-09-18,Logan,Christian Nursing Home,4,0,Open,0.0,1,LOGAN-CHRISTIAN NURSING HOME,145430
2020-09-18,Logan,St. Claras Manor,3,0,Open,0.0,1,LOGAN-ST. CLARAS MANOR,145720
2020-09-18,Macon,Eagle Ridge Assisted Living Center,2,0,Closed,0.0,1,MACON-EAGLE RIDGE ASSISTED LIVING CENTER,No Match
2020-09-18,Macon,Evergreen Senior Living,23,1,Open,0.043478260869565216,1,MACON-EVERGREEN SENIOR LIVING,No Match
2020-09-18,Macon,Fairhavens Senior Living,93,21,Open,0.22580645161290322,1,MACON-FAIRHAVENS SENIOR LIVING,145422
2020-09-18,Macon,Fairhavens Senior Living Facility,18,0,Open,0.0,1,MACON-FAIRHAVENS SENIOR LIVING FACILITY,No Match
2020-09-18,Macon,Prairie Creek Village,3,0,Open,0.0,1,MACON-PRAIRIE CREEK VILLAGE,146003
2020-09-18,Macon,Prairie Creek Village,6,0,Open,0.0,1,MACON-PRAIRIE CREEK VILLAGE,146003
2020-09-18,Macon,Primrose Retirement Community of Decatur,2,0,Open,0.0,1,MACON-PRIMROSE RETIREMENT COMMUNITY OF DECATUR,No Match
2020-09-18,Macon,Villa Clara Post Acute,67,6,Open,0.08955223880597014,1,MACON-VILLA CLARA POST ACUTE,145965
2020-09-18,Macoupin,Carlinville Heritage Health,3,0,Open,0.0,1,MACOUPIN-CARLINVILLE HERITAGE HEALTH,145456
2020-09-18,Macoupin,Carlinville Rehabilitation and Health Care Center,5,0,Open,0.0,1,MACOUPIN-CARLINVILLE REHABILITATION AND HEALTH CARE CENTER,145454
2020-09-18,Macoupin,Gillespie Heritage Health,23,3,Open,0.13043478260869565,1,MACOUPIN-GILLESPIE HERITAGE HEALTH,145367
2020-09-18,Macoupin,Heritage Health ,4,0,Closed,0.0,1,MACOUPIN-HERITAGE HEALTH ,No Match
2020-09-18,Macoupin,Sunrise Skilled Nursing Facility,6,0,Open,0.0,1,MACOUPIN-SUNRISE SKILLED NURSING FACILITY,145783
2020-09-18,Macoupin,Sunset Skilled Nursing & Rehab,9,0,Open,0.0,1,MACOUPIN-SUNSET SKILLED NURSING & REHAB,No Match
2020-09-18,Madison,Alton Memorial Rehab and Therapy,58,7,Open,0.1206896551724138,1,MADISON-ALTON MEMORIAL REHAB AND THERAPY,145121
2020-09-18,Madison,Alton Mental Health Center,50,0,Open,0.0,1,MADISON-ALTON MENTAL HEALTH CENTER,No Match
2020-09-18,Madison,Beverly Farm,22,0,Closed,0.0,1,MADISON-BEVERLY FARM,No Match
2020-09-18,Madison,Beverly Farm Foundation,35,0,Open,0.0,1,MADISON-BEVERLY FARM FOUNDATION,No Match
2020-09-18,Madison,Care Center at Center Grove,9,0,Open,0.0,1,MADISON-CARE CENTER AT CENTER GROVE,145846
2020-09-18,Madison,Cedarhurst of Bethalto,7,0,Closed,0.0,1,MADISON-CEDARHURST OF BETHALTO,No Match
2020-09-18,Madison,Cedarhurst of Edwardsville,2,0,Open,0.0,1,MADISON-CEDARHURST OF EDWARDSVILLE,No Match
2020-09-18,Madison,Cedarhurst of Godfrey,10,0,Closed,0.0,1,MADISON-CEDARHURST OF GODFREY,No Match
2020-09-18,Madison,Cedarhurst of Highland,4,0,Closed,0.0,1,MADISON-CEDARHURST OF HIGHLAND,No Match
2020-09-18,Madison,Cedarhurst of Highland,6,0,Open,0.0,1,MADISON-CEDARHURST OF HIGHLAND,No Match
2020-09-18,Madison,Collinsville Rehabilitation and Healthcare,6,2,Closed,0.3333333333333333,1,MADISON-COLLINSVILLE REHABILITATION AND HEALTHCARE,145438
2020-09-18,Madison,Eden Village Care Center,4,0,Open,0.0,1,MADISON-EDEN VILLAGE CARE CENTER,145384
2020-09-18,Madison,Eden Village Care Center,69,20,Closed,0.2898550724637681,1,MADISON-EDEN VILLAGE CARE CENTER,145384
2020-09-18,Madison,Edwardsville Care Center,7,0,Open,0.0,1,MADISON-EDWARDSVILLE CARE CENTER,145555
2020-09-18,Madison,Edwardsville Care Center,97,22,Closed,0.2268041237113402,1,MADISON-EDWARDSVILLE CARE CENTER,145555
2020-09-18,Madison,Elmwood Nursing and Rehab,13,0,Open,0.0,1,MADISON-ELMWOOD NURSING AND REHAB,145858
2020-09-18,Madison,Faith Countryside,3,0,Open,0.0,1,MADISON-FAITH COUNTRYSIDE,146060
2020-09-18,Madison,Granite Nursing and Rehabilitation Center,3,1,Open,0.3333333333333333,1,MADISON-GRANITE NURSING AND REHABILITATION CENTER,146075
2020-09-18,Madison,Highland Healthcare,2,0,Closed,0.0,1,MADISON-HIGHLAND HEALTHCARE,145508
2020-09-18,Madison,Integrity of Godfrey,60,6,Open,0.1,1,MADISON-INTEGRITY OF GODFREY,145656
2020-09-18,Madison,Liberty Village of Maryville,10,0,Open,0.0,1,MADISON-LIBERTY VILLAGE OF MARYVILLE,No Match
2020-09-18,Madison,Meridian Village,40,0,Open,0.0,1,MADISON-MERIDIAN VILLAGE,146142
2020-09-18,Madison,Riverside Rehab and Healthcare,4,0,Open,0.0,1,MADISON-RIVERSIDE REHAB AND HEALTHCARE,145651
2020-09-18,Madison,Riverside Rehab and Healthcare,66,17,Closed,0.25757575757575757,1,MADISON-RIVERSIDE REHAB AND HEALTHCARE,145651
2020-09-18,Madison,Stearns Nursing and Rehabilitation Center,101,20,Open,0.19801980198019803,1,MADISON-STEARNS NURSING AND REHABILITATION CENTER,145847
2020-09-18,Madison,University Care Center,3,0,Closed,0.0,1,MADISON-UNIVERSITY CARE CENTER,145985
2020-09-18,Madison,University Care Center,3,1,Open,0.3333333333333333,1,MADISON-UNIVERSITY CARE CENTER,145985
2020-09-18,Madison,Villas of Holly Brook-Bethalto,6,0,Closed,0.0,1,MADISON-VILLAS OF HOLLY BROOK-BETHALTO,No Match
2020-09-18,Marion,Centralia Manor,2,0,Open,0.0,1,MARION-CENTRALIA MANOR,145666
2020-09-18,Marion,Doctors Nursing and Rehab Center,5,0,Open,0.0,1,MARION-DOCTORS NURSING AND REHAB CENTER,145247
2020-09-18,Marion,Heritage Woods of Centralia,2,0,Open,0.0,1,MARION-HERITAGE WOODS OF CENTRALIA,No Match
2020-09-18,McDonough,Courtyard Estates,3,0,Open,0.0,1,MCDONOUGH-COURTYARD ESTATES,No Match
2020-09-18,McDonough,Heartland Health Care Center,48,15,Closed,0.3125,1,MCDONOUGH-HEARTLAND HEALTH CARE CENTER,No Match
2020-09-18,McDonough,Mosaic,8,0,Closed,0.0,1,MCDONOUGH-MOSAIC,No Match
2020-09-18,McDonough,The Lamoine Assisted Living & Memory Care,12,1,Closed,0.08333333333333333,1,MCDONOUGH-THE LAMOINE ASSISTED LIVING & MEMORY CARE,No Match
2020-09-18,McHenry,Alden Terrace of McHenry,87,13,Open,0.14942528735632185,1,MCHENRY-ALDEN TERRACE OF MCHENRY,145453
2020-09-18,McHenry,Cross Roads Care Center,71,13,Closed,0.18309859154929578,1,MCHENRY-CROSS ROADS CARE CENTER,145222
2020-09-18,McHenry,Crystal Pines Rehabilitation & Hlth Care Facility,86,15,Open,0.1744186046511628,1,MCHENRY-CRYSTAL PINES REHABILITATION & HLTH CARE FACILITY,145257
2020-09-18,McHenry,Fair Oaks Health Care Center,15,3,Closed,0.2,1,MCHENRY-FAIR OAKS HEALTH CARE CENTER,145917
2020-09-18,McHenry,Florence Nursing Home,2,0,Closed,0.0,1,MCHENRY-FLORENCE NURSING HOME,146127
2020-09-18,McHenry,Florence Nursing Home,31,4,Closed,0.12903225806451613,1,MCHENRY-FLORENCE NURSING HOME,146127
2020-09-18,McHenry,Hearthstone Manor ,69,7,Closed,0.10144927536231885,1,MCHENRY-HEARTHSTONE MANOR ,No Match
2020-09-18,McHenry,Hearthstone Village,5,0,Closed,0.0,1,MCHENRY-HEARTHSTONE VILLAGE,No Match
2020-09-18,McHenry,Revere Court of Crystal Lake,14,3,Closed,0.21428571428571427,1,MCHENRY-REVERE COURT OF CRYSTAL LAKE,No Match
2020-09-18,McHenry,Sheltered Village,43,9,Closed,0.20930232558139536,1,MCHENRY-SHELTERED VILLAGE,No Match
2020-09-18,McHenry,Sunrise of Crystal Lake Assisted Living and Memory,3,0,Open,0.0,1,MCHENRY-SUNRISE OF CRYSTAL LAKE ASSISTED LIVING AND MEMORY,No Match
2020-09-18,McHenry,The Fountains at Crystal Lake,46,15,Closed,0.32608695652173914,1,MCHENRY-THE FOUNTAINS AT CRYSTAL LAKE,No Match
2020-09-18,McHenry,The Springs at Crystal Lake,38,10,Closed,0.2631578947368421,1,MCHENRY-THE SPRINGS AT CRYSTAL LAKE,145612
2020-09-18,McHenry,Three Oaks Assisted Living and Memory Care,2,0,Closed,0.0,1,MCHENRY-THREE OAKS ASSISTED LIVING AND MEMORY CARE,No Match
2020-09-18,McHenry,Valley Hi,3,0,Closed,0.0,1,MCHENRY-VALLEY HI,145652
2020-09-18,McLean,Bloomington Rehabilitation and Healthcare Center,59,11,Closed,0.1864406779661017,1,MCLEAN-BLOOMINGTON REHABILITATION AND HEALTHCARE CENTER,145610
2020-09-18,McLean,Luther Oakes,4,0,Closed,0.0,1,MCLEAN-LUTHER OAKES,146184
2020-09-18,McLean,Luther Oakes,13,0,Open,0.0,1,MCLEAN-LUTHER OAKES,146184
2020-09-18,McLean,McLean County Nursing Home,5,0,Open,0.0,1,MCLEAN-MCLEAN COUNTY NURSING HOME,145494
2020-09-18,McLean,The Lofts Rehabilitation and Nursing of Normal,11,0,Open,0.0,1,MCLEAN-THE LOFTS REHABILITATION AND NURSING OF NORMAL,145031
2020-09-18,McLean,Westminster Village-Martin Health,4,0,Open,0.0,1,MCLEAN-WESTMINSTER VILLAGE-MARTIN HEALTH,145400
2020-09-18,Mercer,Brookstone of Aledo,16,3,Open,0.1875,1,MERCER-BROOKSTONE OF ALEDO,No Match
2020-09-18,Monroe,Cedarhurst Senior Living -Waterloo,6,0,Closed,0.0,1,MONROE-CEDARHURST SENIOR LIVING -WATERLOO,No Match
2020-09-18,Monroe,Garden Place Independant & Assisted Living,38,11,Closed,0.2894736842105263,1,MONROE-GARDEN PLACE INDEPENDANT & ASSISTED LIVING,No Match
2020-09-18,Monroe,Integrity Healthcare-Columbia Rehab & Care Center,15,0,Open,0.0,1,MONROE-INTEGRITY HEALTHCARE-COLUMBIA REHAB & CARE CENTER,145717
2020-09-18,Monroe,Oak Hill,12,0,Open,0.0,1,MONROE-OAK HILL,145445
2020-09-18,Montgomery,Hillsboro Rehab And Healthcare,2,0,Open,0.0,1,MONTGOMERY-HILLSBORO REHAB AND HEALTHCARE,145500
2020-09-18,Montgomery,Montgomery Nursing and Rehab Center,2,0,Closed,0.0,1,MONTGOMERY-MONTGOMERY NURSING AND REHAB CENTER,145483
2020-09-18,Montgomery,Tremont Ridge,13,2,Open,0.15384615384615385,1,MONTGOMERY-TREMONT RIDGE,No Match
2020-09-18,Morgan,Aperion Care Jacksonville,65,4,Open,0.06153846153846154,1,MORGAN-APERION CARE JACKSONVILLE,145928
2020-09-18,Morgan,Cedarhurst of Jacksonville,2,0,Open,0.0,1,MORGAN-CEDARHURST OF JACKSONVILLE,No Match
2020-09-18,Morgan,Heritage Health Jacksonville,4,0,Open,0.0,1,MORGAN-HERITAGE HEALTH JACKSONVILLE,146059
2020-09-18,Morgan,Jacksonville Skilled Nursing and Rehab Center,71,15,Open,0.2112676056338028,1,MORGAN-JACKSONVILLE SKILLED NURSING AND REHAB CENTER,145273
2020-09-18,Moultrie,Sullivan Rehabilitation and Health Care Center,32,3,Open,0.09375,1,MOULTRIE-SULLIVAN REHABILITATION AND HEALTH CARE CENTER,145370
2020-09-18,Ogle,Generations At Neighbors,4,0,Open,0.0,1,OGLE-GENERATIONS AT NEIGHBORS,145440
2020-09-18,Ogle,Rochelle Rehab & Healthcare Center,6,0,Open,0.0,1,OGLE-ROCHELLE REHAB & HEALTHCARE CENTER,145975
2020-09-18,Peoria,Apostolic Christian Skyline,57,6,Open,0.10526315789473684,1,PEORIA-APOSTOLIC CHRISTIAN SKYLINE,145933
2020-09-18,Peoria,Bickford Senior Living of Peoria,16,3,Closed,0.1875,1,PEORIA-BICKFORD SENIOR LIVING OF PEORIA,No Match
2020-09-18,Peoria,EP!C,21,0,Closed,0.0,1,PEORIA-EP!C,No Match
2020-09-18,Peoria,Generations of Peoria,33,5,Closed,0.15151515151515152,1,PEORIA-GENERATIONS OF PEORIA,145039
2020-09-18,Peoria,Grand View Alzheimers Special Care Center,18,4,Open,0.2222222222222222,1,PEORIA-GRAND VIEW ALZHEIMERS SPECIAL CARE CENTER,No Match
2020-09-18,Peoria,Lutheran Hillside Village,4,0,Closed,0.0,1,PEORIA-LUTHERAN HILLSIDE VILLAGE,No Match
2020-09-18,Peoria,Lutheran Hillside Village,18,0,Open,0.0,1,PEORIA-LUTHERAN HILLSIDE VILLAGE,No Match
2020-09-18,Peoria,Sharon Healthcare Elms,8,0,Open,0.0,1,PEORIA-SHARON HEALTHCARE ELMS,146098
2020-09-18,Peoria,Sharon Healthcare Willows,5,0,Open,0.0,1,PEORIA-SHARON HEALTHCARE WILLOWS,14E888
2020-09-18,Peoria,Sharon Healthcare Willows South,4,1,Closed,0.25,1,PEORIA-SHARON HEALTHCARE WILLOWS SOUTH,14E888
2020-09-18,Peoria,University Rehab at Northmoor,5,1,Open,0.2,1,PEORIA-UNIVERSITY REHAB AT NORTHMOOR,145647
2020-09-18,Peoria,University Rehab Center,54,16,Closed,0.2962962962962963,1,PEORIA-UNIVERSITY REHAB CENTER,145364
2020-09-18,Perry,Manor of Mason Woods,6,1,Open,0.16666666666666666,1,PERRY-MANOR OF MASON WOODS,No Match
2020-09-18,Perry,Pinckneyville Nursing and Rehabilitation,73,10,Open,0.136986301369863,1,PERRY-PINCKNEYVILLE NURSING AND REHABILITATION,146175
2020-09-18,Pike,Barry Community Care,2,0,Open,0.0,1,PIKE-BARRY COMMUNITY CARE,146051
2020-09-18,Randolph,Cedarhurst of Sparta,2,0,Closed,0.0,1,RANDOLPH-CEDARHURST OF SPARTA,No Match
2020-09-18,Randolph,Cedarhurst of Sparta,6,0,Open,0.0,1,RANDOLPH-CEDARHURST OF SPARTA,No Match
2020-09-18,Randolph,Coulterville Rehabilitation & Health Care Center,4,0,Open,0.0,1,RANDOLPH-COULTERVILLE REHABILITATION & HEALTH CARE CENTER,145993
2020-09-18,Randolph,Red Bud Regional Care Center,2,0,Open,0.0,1,RANDOLPH-RED BUD REGIONAL CARE CENTER,145309
2020-09-18,Richland,Carle Richland Memorial Hospital Long Term Care,8,0,Open,0.0,1,RICHLAND-CARLE RICHLAND MEMORIAL HOSPITAL LONG TERM CARE,No Match
2020-09-18,Rock Island,Amber Ridge,3,0,Closed,0.0,1,ROCK ISLAND-AMBER RIDGE,No Match
2020-09-18,Rock Island,Aspen Rehab,42,7,Open,0.16666666666666666,1,ROCK ISLAND-ASPEN REHAB,14E361
2020-09-18,Rock Island,Centennial Care Center,96,7,Open,0.07291666666666667,1,ROCK ISLAND-CENTENNIAL CARE CENTER,145680
2020-09-18,Rock Island,Fort Armstrong,20,1,Closed,0.05,1,ROCK ISLAND-FORT ARMSTRONG,No Match
2020-09-18,Rock Island,Friendship Manor,4,0,Closed,0.0,1,ROCK ISLAND-FRIENDSHIP MANOR,146099
2020-09-18,Rock Island,Friendship Manor ,10,0,Closed,0.0,1,ROCK ISLAND-FRIENDSHIP MANOR ,No Match
2020-09-18,Rock Island,Generations of Rock Island,59,17,Open,0.288135593220339,1,ROCK ISLAND-GENERATIONS OF ROCK ISLAND,145950
2020-09-18,Rock Island,Heartland Healthcare Center Moline,47,10,Open,0.2127659574468085,1,ROCK ISLAND-HEARTLAND HEALTHCARE CENTER MOLINE,145027
2020-09-18,Rock Island,Heritage Woods of Moline,3,0,Closed,0.0,1,ROCK ISLAND-HERITAGE WOODS OF MOLINE,No Match
2020-09-18,Rock Island,Hope Creek,14,1,Open,0.07142857142857142,1,ROCK ISLAND-HOPE CREEK,145269
2020-09-18,Rock Island,Illini Restorative Care,12,0,Closed,0.0,1,ROCK ISLAND-ILLINI RESTORATIVE CARE,145703
2020-09-18,Rock Island,Park Vista,3,0,Closed,0.0,1,ROCK ISLAND-PARK VISTA,No Match
2020-09-18,Rock Island,Serenity  (Aperion) Moline,16,2,Open,0.125,1,ROCK ISLAND-SERENITY  (APERION) MOLINE,No Match
2020-09-18,Rock Island,St. Anthonys Continue Care,89,15,Open,0.16853932584269662,1,ROCK ISLAND-ST. ANTHONYS CONTINUE CARE,145387
2020-09-18,Sangamon,Auburn Rehab and Healthcare Center,34,4,Open,0.11764705882352941,1,SANGAMON-AUBURN REHAB AND HEALTHCARE CENTER,145136
2020-09-18,Sangamon,Cedarhurst Assisted Living and Memory Care,9,1,Closed,0.1111111111111111,1,SANGAMON-CEDARHURST ASSISTED LIVING AND MEMORY CARE,No Match
2020-09-18,Sangamon,Centennial Pointe,6,1,Closed,0.16666666666666666,1,SANGAMON-CENTENNIAL POINTE,No Match
2020-09-18,Sangamon,Concordia Village Senior ,14,0,Open,0.0,1,SANGAMON-CONCORDIA VILLAGE SENIOR ,No Match
2020-09-18,Sangamon,Heritage Health Springfield,12,0,Open,0.0,1,SANGAMON-HERITAGE HEALTH SPRINGFIELD,145229
2020-09-18,Sangamon,Heritage Health: Therapy & Senior Care - Springfie,4,0,Closed,0.0,1,SANGAMON-HERITAGE HEALTH: THERAPY & SENIOR CARE - SPRINGFIE,No Match
2020-09-18,Sangamon,Lewis Memorial Christian Village,5,0,Open,0.0,1,SANGAMON-LEWIS MEMORIAL CHRISTIAN VILLAGE,146026
2020-09-18,Sangamon,Villa East,122,26,Closed,0.21311475409836064,1,SANGAMON-VILLA EAST,145721
2020-09-18,Sangamon,Villas of Holly Brook and Reflections Memory Care,4,0,Closed,0.0,1,SANGAMON-VILLAS OF HOLLY BROOK AND REFLECTIONS MEMORY CARE,No Match
2020-09-18,Scott,Shelby County Community Servicesi,7,0,Closed,0.0,1,SCOTT-SHELBY COUNTY COMMUNITY SERVICESI,No Match
2020-09-18,Shelby,Shelbyville Manor,6,0,Closed,0.0,1,SHELBY-SHELBYVILLE MANOR,145441
2020-09-18,Shelby,Shelbyville Manor,12,0,Open,0.0,1,SHELBY-SHELBYVILLE MANOR,145441
2020-09-18,Shelby,Shelbyville Rehabilitation and Health Care Center,2,0,Open,0.0,1,SHELBY-SHELBYVILLE REHABILITATION AND HEALTH CARE CENTER,145836
2020-09-18,Shelby,Villas of Holly Brook-Shelbyville,3,0,Open,0.0,1,SHELBY-VILLAS OF HOLLY BROOK-SHELBYVILLE,No Match
2020-09-18,St. Clair,Aperion Care,5,1,Open,0.2,1,ST. CLAIR-APERION CARE,No Match
2020-09-18,St. Clair,Autumn Meadows,18,0,Open,0.0,1,ST. CLAIR-AUTUMN MEADOWS,145581
2020-09-18,St. Clair,Bradford Place,6,0,Open,0.0,1,ST. CLAIR-BRADFORD PLACE,No Match
2020-09-18,St. Clair,BRIA of Belleville,68,7,Open,0.10294117647058823,1,ST. CLAIR-BRIA OF BELLEVILLE,145668
2020-09-18,St. Clair,Bria of Cahokia,36,3,Closed,0.08333333333333333,1,ST. CLAIR-BRIA OF CAHOKIA,145613
2020-09-18,St. Clair,Cambridge House,5,0,Open,0.0,1,ST. CLAIR-CAMBRIDGE HOUSE,No Match
2020-09-18,St. Clair,CASEYVILLE CARE CENTER,32,1,Open,0.03125,1,ST. CLAIR-CASEYVILLE CARE CENTER,145585
2020-09-18,St. Clair,Cedarhurst of Shiloh,13,0,Open,0.0,1,ST. CLAIR-CEDARHURST OF SHILOH,No Match
2020-09-18,St. Clair,Cedar Ridge,79,12,Open,0.1518987341772152,1,ST. CLAIR-CEDAR RIDGE,145571
2020-09-18,St. Clair,Colonnade,6,0,Open,0.0,1,ST. CLAIR-COLONNADE,No Match
2020-09-18,St. Clair,Dammert Center/The Esquiline2,10,0,Open,0.0,1,ST. CLAIR-DAMMERT CENTER/THE ESQUILINE2,No Match
2020-09-18,St. Clair,Four Fountains,104,31,Closed,0.2980769230769231,1,ST. CLAIR-FOUR FOUNTAINS,No Match
2020-09-18,St. Clair,Four Fountains2,13,1,Open,0.07692307692307693,1,ST. CLAIR-FOUR FOUNTAINS2,No Match
2020-09-18,St. Clair,Freeburg  Care  Center,5,0,Open,0.0,1,ST. CLAIR-FREEBURG  CARE  CENTER,No Match
2020-09-18,St. Clair,Freeburg Terrace,20,0,Open,0.0,1,ST. CLAIR-FREEBURG TERRACE,No Match
2020-09-18,St. Clair,Integrity Care of Belleville,11,1,Open,0.09090909090909091,1,ST. CLAIR-INTEGRITY CARE OF BELLEVILLE,145290
2020-09-18,St. Clair,Integrity Care of Smithton,43,0,Open,0.0,1,ST. CLAIR-INTEGRITY CARE OF SMITHTON,146188
2020-09-18,St. Clair,Knollwood,9,1,Open,0.1111111111111111,1,ST. CLAIR-KNOLLWOOD,No Match
2020-09-18,St. Clair,Lebanon Care Center ,74,13,Open,0.17567567567567569,1,ST. CLAIR-LEBANON CARE CENTER ,No Match
2020-09-18,St. Clair,Memorial Care Center,8,0,Open,0.0,1,ST. CLAIR-MEMORIAL CARE CENTER,No Match
2020-09-18,St. Clair,Memorial Care Center,44,8,Closed,0.18181818181818182,1,ST. CLAIR-MEMORIAL CARE CENTER,No Match
2020-09-18,St. Clair,Memorial Convalescent Center,7,0,Open,0.0,1,ST. CLAIR-MEMORIAL CONVALESCENT CENTER,145102
2020-09-18,St. Clair,Mercy ,9,1,Open,0.1111111111111111,1,ST. CLAIR-MERCY ,No Match
2020-09-18,St. Clair,New Athens Home for the Aged,57,8,Open,0.14035087719298245,1,ST. CLAIR-NEW ATHENS HOME FOR THE AGED,146115
2020-09-18,St. Clair,Parkway Gardens,9,0,Open,0.0,1,ST. CLAIR-PARKWAY GARDENS,No Match
2020-09-18,St. Clair,St. Pauls,53,14,Open,0.2641509433962264,1,ST. CLAIR-ST. PAULS,146122
2020-09-18,St. Clair,Swansea Rehabilitation and Health Care Center,44,9,Open,0.20454545454545456,1,ST. CLAIR-SWANSEA REHABILITATION AND HEALTH CARE CENTER,145981
2020-09-18,St. Clair,The Assisted Living at Silver Crrek,4,0,Open,0.0,1,ST. CLAIR-THE ASSISTED LIVING AT SILVER CRREK,No Match
2020-09-18,St. Clair,The Esquiline - Dammert Center,3,0,Open,0.0,1,ST. CLAIR-THE ESQUILINE - DAMMERT CENTER,No Match
2020-09-18,Stephenson,Stephenson Nursing Center,2,0,Closed,0.0,1,STEPHENSON-STEPHENSON NURSING CENTER,145895
2020-09-18,Tazewell,Aperion Morton,39,1,Open,0.02564102564102564,1,TAZEWELL-APERION MORTON,145248
2020-09-18,Tazewell,Apostolic Christian Restmor,6,0,Open,0.0,1,TAZEWELL-APOSTOLIC CHRISTIAN RESTMOR,145436
2020-09-18,Tazewell,Generations at Riverview,3,0,Closed,0.0,1,TAZEWELL-GENERATIONS AT RIVERVIEW,145524
2020-09-18,Tazewell,Generations at Riverview,6,2,Closed,0.3333333333333333,1,TAZEWELL-GENERATIONS AT RIVERVIEW,145524
2020-09-18,Tazewell,Lakeside Rehab and Healthcare,2,0,Closed,0.0,1,TAZEWELL-LAKESIDE REHAB AND HEALTHCARE,145646
2020-09-18,Tazewell,Reflections Memory Care,20,4,Closed,0.2,1,TAZEWELL-REFLECTIONS MEMORY CARE,No Match
2020-09-18,Tazewell,Villas of Hollybrook,2,0,Open,0.0,1,TAZEWELL-VILLAS OF HOLLYBROOK,No Match
2020-09-18,Tazewell,Villas of Holly Brook & Reflections Pekin,6,0,Open,0.0,1,TAZEWELL-VILLAS OF HOLLY BROOK & REFLECTIONS PEKIN,No Match
2020-09-18,Union,Illinois Veterans Home Anna,5,0,Closed,0.0,1,UNION-ILLINOIS VETERANS HOME ANNA,No Match
2020-09-18,Union,Integrity of Anna,82,13,Open,0.15853658536585366,1,UNION-INTEGRITY OF ANNA,146006
2020-09-18,Union,Integrity of Cobden,45,7,Open,0.15555555555555556,1,UNION-INTEGRITY OF COBDEN,145922
2020-09-18,Vermilion,Gardenview Manor,4,0,Open,0.0,1,VERMILION-GARDENVIEW MANOR,145926
2020-09-18,Vermilion,Illiana Va Medical,4,0,Open,0.0,1,VERMILION-ILLIANA VA MEDICAL,No Match
2020-09-18,Wabash,Oakview Nursing and Rehabilitation,3,0,Open,0.0,1,WABASH-OAKVIEW NURSING AND REHABILITATION,145376
2020-09-18,Wabash,Oakview Nursing & Rehab,3,0,Open,0.0,1,WABASH-OAKVIEW NURSING & REHAB,No Match
2020-09-18,Wabash,Villas of Holly Brook,3,0,Open,0.0,1,WABASH-VILLAS OF HOLLY BROOK,No Match
2020-09-18,Warren,Courtyard Estates of Monmouth,2,0,Open,0.0,1,WARREN-COURTYARD ESTATES OF MONMOUTH,No Match
2020-09-18,Wayne,Aperion Care Fairfield,6,1,Closed,0.16666666666666666,1,WAYNE-APERION CARE FAIRFIELD,146000
2020-09-18,Wayne,Cisne Rehab and Health Care Center,2,0,Closed,0.0,1,WAYNE-CISNE REHAB AND HEALTH CARE CENTER,146131
2020-09-18,White,Carmi Manor,3,0,Open,0.0,1,WHITE-CARMI MANOR,146124
2020-09-18,White,Wabash Christian Retirement,4,0,Open,0.0,1,WHITE-WABASH CHRISTIAN RETIREMENT,146019
2020-09-18,Whiteside,Citadel of Sterling ,9,0,Open,0.0,1,WHITESIDE-CITADEL OF STERLING ,No Match
2020-09-18,Whiteside,Harbor Crest,18,4,Open,0.2222222222222222,1,WHITESIDE-HARBOR CREST,146158
2020-09-18,Whiteside,Kreiders ,2,0,Closed,0.0,1,WHITESIDE-KREIDERS ,No Match
2020-09-18,Whiteside,Parkway Center,28,5,Open,0.17857142857142858,1,WHITESIDE-PARKWAY CENTER,No Match
2020-09-18,Whiteside,Regency Care of Sterling ,20,2,Open,0.1,1,WHITESIDE-REGENCY CARE OF STERLING ,No Match
2020-09-18,Whiteside,Resthave Care and Rehabilitation ,14,0,Open,0.0,1,WHITESIDE-RESTHAVE CARE AND REHABILITATION ,No Match
2020-09-18,Will,Alden Courts of Shorewood,5,0,Closed,0.0,1,WILL-ALDEN COURTS OF SHOREWOOD,146183
2020-09-18,Will,Alden Courts of Shorewood,8,1,Closed,0.125,1,WILL-ALDEN COURTS OF SHOREWOOD,146183
2020-09-18,Will,Alden Estates of Shorewood,25,3,Open,0.12,1,WILL-ALDEN ESTATES OF SHOREWOOD,146153
2020-09-18,Will,Aperion Wilmington,3,0,Closed,0.0,1,WILL-APERION WILMINGTON,145316
2020-09-18,Will,Aperion Wilmington,8,0,Closed,0.0,1,WILL-APERION WILMINGTON,145316
2020-09-18,Will,Arbor Terrace,35,5,Closed,0.14285714285714285,1,WILL-ARBOR TERRACE,No Match
2020-09-18,Will,Arbor Terrace of Naperville,4,0,Closed,0.0,1,WILL-ARBOR TERRACE OF NAPERVILLE,No Match
2020-09-18,Will,Beecher Manor ,38,0,Open,0.0,1,WILL-BEECHER MANOR ,No Match
2020-09-18,Will,"Charter Senoir Living, The Cottages",11,2,Closed,0.18181818181818182,1,"WILL-CHARTER SENOIR LIVING, THE COTTAGES",No Match
2020-09-18,Will,Clarendale of Mokena,37,8,Closed,0.21621621621621623,1,WILL-CLARENDALE OF MOKENA,No Match
2020-09-18,Will,Frankfort Terrace,5,0,Open,0.0,1,WILL-FRANKFORT TERRACE,140E213
2020-09-18,Will,Harbor Chase of Plainfield,6,1,Closed,0.16666666666666666,1,WILL-HARBOR CHASE OF PLAINFIELD,No Match
2020-09-18,Will,Heritage Woods of Bolingbrook,3,0,Closed,0.0,1,WILL-HERITAGE WOODS OF BOLINGBROOK,No Match
2020-09-18,Will,Heritage Woods of Plainfield,2,0,Open,0.0,1,WILL-HERITAGE WOODS OF PLAINFIELD,No Match
2020-09-18,Will,Joliet Terrace,3,0,Closed,0.0,1,WILL-JOLIET TERRACE,140E248
2020-09-18,Will,Joliet Terrace,4,0,Closed,0.0,1,WILL-JOLIET TERRACE,140E248
2020-09-18,Will,Lakeshore Rehab & Healthcare,3,0,Closed,0.0,1,WILL-LAKESHORE REHAB & HEALTHCARE,145694
2020-09-18,Will,Lakewood Nursing Home,2,0,Closed,0.0,1,WILL-LAKEWOOD NURSING HOME,145761
2020-09-18,Will,Lakewood Nursing Home,2,0,Closed,0.0,1,WILL-LAKEWOOD NURSING HOME,145761
2020-09-18,Will,Lakewood Nursing Home,12,0,Open,0.0,1,WILL-LAKEWOOD NURSING HOME,145761
2020-09-18,Will,Marley Oaks,6,1,Closed,0.16666666666666666,1,WILL-MARLEY OAKS,No Match
2020-09-18,Will,Meadowbrook Manor of Bolingbrook,188,41,Closed,0.21808510638297873,1,WILL-MEADOWBROOK MANOR OF BOLINGBROOK,No Match
2020-09-18,Will,Our Lady Of Angels Retirement Home,2,0,Open,0.0,1,WILL-OUR LADY OF ANGELS RETIREMENT HOME,146126
2020-09-18,Will,Parc of Joliet,6,0,Open,0.0,1,WILL-PARC OF JOLIET,No Match
2020-09-18,Will,Presence Villa Franciscan,4,0,Open,0.0,1,WILL-PRESENCE VILLA FRANCISCAN,145029
2020-09-18,Will,Presence Villa Franciscan,68,16,Closed,0.23529411764705882,1,WILL-PRESENCE VILLA FRANCISCAN,145029
2020-09-18,Will,Revere Court of Bolingbrook,29,3,Open,0.10344827586206896,1,WILL-REVERE COURT OF BOLINGBROOK,No Match
2020-09-18,Will,Rock Run Place,4,0,Closed,0.0,1,WILL-ROCK RUN PLACE,No Match
2020-09-18,Will,Salem Village NH,24,1,Open,0.041666666666666664,1,WILL-SALEM VILLAGE NH,145618
2020-09-18,Will,Senior Star at Weber Place,3,0,Closed,0.0,1,WILL-SENIOR STAR AT WEBER PLACE,No Match
2020-09-18,Will,Senior Star at Weber Place,13,4,Closed,0.3076923076923077,1,WILL-SENIOR STAR AT WEBER PLACE,No Match
2020-09-18,Will,Shady Oaks,30,3,Closed,0.1,1,WILL-SHADY OAKS,No Match
2020-09-18,Will,Smith Crossing,9,0,Open,0.0,1,WILL-SMITH CROSSING,146110
2020-09-18,Will,Smith Crossing,10,2,Closed,0.2,1,WILL-SMITH CROSSING,146110
2020-09-18,Will,Spring Creek Nursing Home,25,4,Open,0.16,1,WILL-SPRING CREEK NURSING HOME,146172
2020-09-18,Will,St James Manor,69,21,Open,0.30434782608695654,1,WILL-ST JAMES MANOR,145611
2020-09-18,Will,Sunny Hill Nursing Home,14,0,Open,0.0,1,WILL-SUNNY HILL NURSING HOME,145892
2020-09-18,Will,Sunny Hill Nursing Home,48,16,Closed,0.3333333333333333,1,WILL-SUNNY HILL NURSING HOME,145892
2020-09-18,Will,symphony of joliet,130,25,Closed,0.19230769230769232,1,WILL-SYMPHONY OF JOLIET,145372
2020-09-18,Will,Symphony of Joliet,3,0,Open,0.0,1,WILL-SYMPHONY OF JOLIET,145372
2020-09-18,Will,The PARC of Joliet,68,17,Closed,0.25,1,WILL-THE PARC OF JOLIET,145221
2020-09-18,Will,Timbers of Shorewood,2,0,Closed,0.0,1,WILL-TIMBERS OF SHOREWOOD,No Match
2020-09-18,Will,Timbers of Shorewood,5,0,Open,0.0,1,WILL-TIMBERS OF SHOREWOOD,No Match
2020-09-18,Will,Victorian Village,6,0,Open,0.0,1,WILL-VICTORIAN VILLAGE,146178
2020-09-18,Will,Victorian Village,9,1,Closed,0.1111111111111111,1,WILL-VICTORIAN VILLAGE,146178
2020-09-18,Will,Willow Falls,8,2,Closed,0.25,1,WILL-WILLOW FALLS,No Match
2020-09-18,Will,Willow Falls,13,0,Closed,0.0,1,WILL-WILLOW FALLS,No Match
2020-09-18,Will,Willow House,18,0,Closed,0.0,1,WILL-WILLOW HOUSE,No Match
2020-09-18,Williamson,Fifth Seasons Assisted Living ,2,0,Closed,0.0,1,WILLIAMSON-FIFTH SEASONS ASSISTED LIVING ,No Match
2020-09-18,Williamson,Integrity Healthcare of Herrin,9,0,Open,0.0,1,WILLIAMSON-INTEGRITY HEALTHCARE OF HERRIN,146092
2020-09-18,Williamson,Parkway Manor,68,8,Open,0.11764705882352941,1,WILLIAMSON-PARKWAY MANOR,145841
2020-09-18,Williamson,Shawnee Senior Living,121,13,Open,0.10743801652892562,1,WILLIAMSON-SHAWNEE SENIOR LIVING,146036
2020-09-18,Williamson,The Anchor of the Voyage Senior Living ,2,0,Open,0.0,1,WILLIAMSON-THE ANCHOR OF THE VOYAGE SENIOR LIVING ,No Match
2020-09-18,Williamson,Villas of Hollybrook ,2,0,Open,0.0,1,WILLIAMSON-VILLAS OF HOLLYBROOK ,No Match
2020-09-18,Winnebago,Alden Debes Rehab Inc,79,20,Closed,0.25316455696202533,1,WINNEBAGO-ALDEN DEBES REHAB INC,145142
2020-09-18,Winnebago,Alpine Fireside Health Center,2,0,Closed,0.0,1,WINNEBAGO-ALPINE FIRESIDE HEALTH CENTER,146066
2020-09-18,Winnebago,Amberwood,72,11,Closed,0.1527777777777778,1,WINNEBAGO-AMBERWOOD,145908
2020-09-18,Winnebago,Anam Care Facility,24,7,Closed,0.2916666666666667,1,WINNEBAGO-ANAM CARE FACILITY,No Match
2020-09-18,Winnebago,Ascension St Anne Center,88,15,Closed,0.17045454545454544,1,WINNEBAGO-ASCENSION ST ANNE CENTER,145563
2020-09-18,Winnebago,Crimson Pointe Senior Living,47,12,Closed,0.2553191489361702,1,WINNEBAGO-CRIMSON POINTE SENIOR LIVING,No Match
2020-09-18,Winnebago,East Bank Center,3,0,Closed,0.0,1,WINNEBAGO-EAST BANK CENTER,146069
2020-09-18,Winnebago,Fairhaven Christian Retirement Center,21,0,Open,0.0,1,WINNEBAGO-FAIRHAVEN CHRISTIAN RETIREMENT CENTER,14E345
2020-09-18,Winnebago,Forest City Rehab and Nursing,83,9,Closed,0.10843373493975904,1,WINNEBAGO-FOREST CITY REHAB AND NURSING,145937
2020-09-18,Winnebago,Mosaic - Appletree Group Home,3,0,Closed,0.0,1,WINNEBAGO-MOSAIC - APPLETREE GROUP HOME,No Match
2020-09-18,Winnebago,PA Peterson at theCitadel,16,7,Closed,0.4375,1,WINNEBAGO-PA PETERSON AT THECITADEL,145751
2020-09-18,Winnebago,Peterson Meadows,4,1,Closed,0.25,1,WINNEBAGO-PETERSON MEADOWS,No Match
2020-09-18,Winnebago,River Bluff Nursing Home,82,13,Open,0.15853658536585366,1,WINNEBAGO-RIVER BLUFF NURSING HOME,145771
2020-09-18,Winnebago,Rock River Health Care,21,1,Closed,0.047619047619047616,1,WINNEBAGO-ROCK RIVER HEALTH CARE,145818
2020-09-18,Winnebago,Stepping Stone of Rockford ,34,1,Open,0.029411764705882353,1,WINNEBAGO-STEPPING STONE OF ROCKFORD ,No Match
2020-09-18,Winnebago,Van Matre Encompas Health,31,4,Closed,0.12903225806451613,1,WINNEBAGO-VAN MATRE ENCOMPAS HEALTH,No Match
2020-09-18,Woodford,Snyder Village Assisted Living ,2,0,Open,0.0,1,WOODFORD-SNYDER VILLAGE ASSISTED LIVING ,No Match
2020-09-18,Woodford,Snyder Village Health Center ,7,1,Open,0.14285714285714285,1,WOODFORD-SNYDER VILLAGE HEALTH CENTER ,No Match
