County,FacilityName,CMS_ProvNum,ReportingDate,confirmed_cases,deaths,CFR,outbreaks,Closed_Outbreaks,Open_Outbreaks,facilities
Cook,Ludeman Developmental Center,No Match,2020-06-26,331,10,0.030211480362537766,1,0,1,1
Cook,City View Multi Care Center,145850,2020-06-26,252,14,0.05555555555555555,1,0,1,1
Cook,Woodbridge Nursing Pavilion,145792,2020-06-26,228,37,0.16228070175438597,1,0,1,1
Cook,Peterson Park Health Care,145838,2020-06-26,220,34,0.15454545454545454,1,0,1,1
Cook,Symphony at Midway,145995,2020-06-26,220,23,0.10454545454545454,1,0,1,1
Lake,Avantara Long Grove,145868,2020-06-26,219,31,0.1415525114155251,1,0,1,1
Cook,Symphony of Morgan Park,145764,2020-06-26,198,24,0.12121212121212122,1,0,1,1
Cook,Glenview Terrace,145268,2020-06-26,192,35,0.18229166666666666,1,0,1,1
Cook,Symphony of South Shore,145977,2020-06-26,191,26,0.13612565445026178,1,0,1,1
Will,Meadowbrook Manor of Bolingbrook,No Match,2020-06-26,188,40,0.2127659574468085,1,0,1,1
Cook,Niles Nursing and Rehab Center,145696,2020-06-26,188,45,0.2393617021276596,1,0,1,1
Cook,Elevate Care Chicago North,145484,2020-06-26,184,33,0.1793478260869565,1,0,1,1
Cook,Symphony of Lincoln Park,145510,2020-06-26,181,26,0.143646408839779,1,0,1,1
DuPage,Manorcare Hinsdale,145246,2020-06-26,168,32,0.19047619047619047,1,0,1,1
Cook,Villa at Windsor Park,145970,2020-06-26,166,45,0.2710843373493976,1,0,1,1
Cook,Symphony at 87th,145983,2020-06-26,166,33,0.19879518072289157,1,0,1,1
Kane,Tower Hill Healthcare Center,145795,2020-06-26,159,28,0.1761006289308176,1,0,1,1
Cook,California Gardens Nursing and Rehabilitation Cent,145625,2020-06-26,158,5,0.03164556962025317,1,0,1,1
Cook,Mayfield Care Center,145885,2020-06-26,156,22,0.14102564102564102,1,0,1,1
Cook,Fairmont Care,145867,2020-06-26,152,29,0.19078947368421054,1,0,1,1
Kankakee,Samuel H. Shapiro Developmental Center,No Match,2020-06-26,141,1,0.0070921985815602835,1,0,1,1
Cook,Bria Forest Edge,145864,2020-06-26,139,2,0.014388489208633094,1,0,1,1
Cook,Harmony Healthcare and Rehab,145775,2020-06-26,135,28,0.2074074074074074,1,0,1,1
DuPage,Bria of Westmont,145405,2020-06-26,133,25,0.18796992481203006,1,0,1,1
Will,symphony of joliet,145372,2020-06-26,130,25,0.19230769230769232,1,1,0,1
Cook,Mosaic of Lakeshore,145244,2020-06-26,130,27,0.2076923076923077,1,0,1,1
Cook,Uptown Health Center,145881,2020-06-26,125,17,0.136,1,0,1,1
Cook,Carlton at the Lake,145679,2020-06-26,125,17,0.136,1,0,1,1
Kane,Bria of Geneva,146067,2020-06-26,124,29,0.23387096774193547,1,0,1,1
Cook,Aperion Care International of Chicago,146001,2020-06-26,122,20,0.16393442622950818,1,0,1,1
Sangamon,Villa East,145721,2020-06-26,122,26,0.21311475409836064,1,1,0,1
Cook,Midway Neuro and Rehab,145778,2020-06-26,120,11,0.09166666666666666,1,0,1,1
DuPage,West Suburban Nursing & Rehabilitation Center,145333,2020-06-26,117,9,0.07692307692307693,1,0,1,1
DuPage,Forestview Rehabilitation & Nursing Center,145752,2020-06-26,116,15,0.12931034482758622,1,0,1,1
Cook,Norridge Gardens,145329,2020-06-26,116,41,0.35344827586206895,1,0,1,1
Kane,Symphony of Orchard Valley,145473,2020-06-26,115,24,0.20869565217391303,1,0,1,1
Cook,Generations at Regency,145237,2020-06-26,114,29,0.2543859649122807,1,0,1,1
Cook,Ambassador Nursing,145343,2020-06-26,113,11,0.09734513274336283,1,0,1,1
Cook,ManorCare ElkGrove Village,145689,2020-06-26,110,23,0.20909090909090908,1,0,1,1
Cook,Clark Manor,145507,2020-06-26,108,13,0.12037037037037036,1,0,1,1
Cook,Golfview Developmental Center,No Match,2020-06-26,107,11,0.102803738317757,1,0,1,1
Cook,Austin Oasis,145834,2020-06-26,107,12,0.11214953271028037,1,0,1,1
Cook,Central Nursing Home,145648,2020-06-26,106,17,0.16037735849056603,1,0,1,1
Cook,Astoria Place of Chicago,145634,2020-06-26,105,21,0.2,1,0,1,1
Cook,Addolorata Villa,145724,2020-06-26,105,17,0.1619047619047619,1,0,1,1
St. Clair,Four Fountains,No Match,2020-06-26,104,27,0.25961538461538464,1,0,1,1
Cook,Atrium Health Care Center,145479,2020-06-26,103,10,0.0970873786407767,1,0,1,1
DuPage,Oakbrook Care,145458,2020-06-26,102,21,0.20588235294117646,1,0,1,1
DuPage,Alden Estates of Naperville,145582,2020-06-26,102,21,0.20588235294117646,1,0,1,1
DuPage,Windsor Park Manor,No Match,2020-06-26,99,21,0.21212121212121213,1,0,1,1
Madison,Edwardsville Care Center,145555,2020-06-26,97,22,0.2268041237113402,1,0,1,1
Cook,Bria River Oaks,145735,2020-06-26,97,2,0.020618556701030927,1,0,1,1
Cook,Bria of Palos Hills,145650,2020-06-26,95,16,0.16842105263157894,1,0,1,1
Cook,Chalet Living And Rehab Center,145670,2020-06-26,94,14,0.14893617021276595,1,0,1,1
Cook,Avanti Wellness & Rehabilitation ,No Match,2020-06-26,94,17,0.18085106382978725,1,0,1,1
Macon,Fairhavens Senior Living,145422,2020-06-26,93,21,0.22580645161290322,1,0,1,1
Lake,Aperion Care Highwood,145936,2020-06-26,93,11,0.11827956989247312,1,0,1,1
Cook,Landmark of Des Plaines,145334,2020-06-26,91,22,0.24175824175824176,1,0,1,1
Cook,Bellhaven Nursing and Rehabilitation,145549,2020-06-26,90,9,0.1,1,0,1,1
Cook,Lee Manor Rehab and Nursing,145382,2020-06-26,90,18,0.2,1,0,1,1
Cook,Grosse Pointe Manor,145999,2020-06-26,90,19,0.2111111111111111,1,0,1,1
Coles,Charleston Rehab and Healthcare,145636,2020-06-26,89,16,0.1797752808988764,1,0,1,1
Cook,Aperion Care Oak Lawn,145197,2020-06-26,89,20,0.2247191011235955,1,0,1,1
Kankakee,Riverside Miller Rehabilitation,No Match,2020-06-26,88,22,0.25,1,0,1,1
Cook,Generations at Elmwood Park,145419,2020-06-26,88,19,0.2159090909090909,1,0,1,1
Cook,Center Home for Hispanic Elderly,146062,2020-06-26,88,30,0.3409090909090909,1,0,1,1
Boone,Symphony Northwoods,No Match,2020-06-26,87,14,0.16091954022988506,1,0,1,1
Cook,Community Care Nursing Home,146164,2020-06-26,87,10,0.11494252873563218,1,0,1,1
Cook,Beacon Care Center,145776,2020-06-26,87,14,0.16091954022988506,1,0,1,1
Lake,Captain James A Lovell FHCC CLC,No Match,2020-06-26,86,5,0.05813953488372093,1,0,1,1
Clinton,Carlyle HealthCare Center,145729,2020-06-26,85,16,0.18823529411764706,1,0,1,1
Cook,Glenwood Health Care & Rehab,No Match,2020-06-26,85,5,0.058823529411764705,1,0,1,1
McHenry,Alden Terrace of McHenry,145453,2020-06-26,85,13,0.15294117647058825,1,0,1,1
Cook,Alden Estates of Northmoor,145888,2020-06-26,83,19,0.2289156626506024,1,0,1,1
Kane,Asbury Gardens,146170,2020-06-26,81,18,0.2222222222222222,1,0,1,1
Cook,Lakeview Nursing and Rehab,145654,2020-06-26,81,21,0.25925925925925924,1,0,1,1
Union,Integrity of Anna,146006,2020-06-26,81,11,0.13580246913580246,1,0,1,1
Cook,Meadowbrook Manor,145710,2020-06-26,79,13,0.16455696202531644,1,0,1,1
Cook,Avantara Evergreen Park,145734,2020-06-26,79,21,0.26582278481012656,1,0,1,1
DeKalb,Pine Acres,145261,2020-06-26,79,12,0.1518987341772152,1,0,1,1
DuPage,Providence Healthcare & Rehabilitation Center,145657,2020-06-26,77,13,0.16883116883116883,1,0,1,1
Cook,Continental Nursing and Rehabilitation Center,145730,2020-06-26,76,13,0.17105263157894737,1,0,1,1
Cook,Birchwood Plaza Nursing-Rehab,145532,2020-06-26,76,13,0.17105263157894737,1,0,1,1
Cook,The Grove of Evanston,145011,2020-06-26,76,16,0.21052631578947367,1,0,1,1
Winnebago,Alden Debes Rehab Inc,145142,2020-06-26,76,18,0.23684210526315788,1,0,1,1
Lee,Jack Mabley Developmental Center,No Match,2020-06-26,76,1,0.013157894736842105,1,0,1,1
Lake,Warren Barr North Shore,145923,2020-06-26,75,14,0.18666666666666668,1,0,1,1
Cook,MADO Healthcare Uptown,146191,2020-06-26,75,7,0.09333333333333334,1,0,1,1
Lake,Elevate Care Waukegan,145669,2020-06-26,74,12,0.16216216216216217,1,0,1,1
Jefferson,GreenTree at Mt. Vernon,No Match,2020-06-26,73,16,0.2191780821917808,1,0,1,1
DuPage,Abbington Rehab & Nursing Center,146065,2020-06-26,72,6,0.08333333333333333,1,0,1,1
Cook,Generations at Applewood,145781,2020-06-26,72,18,0.25,1,0,1,1
DuPage,Lexington of Bloomingdale,145638,2020-06-26,72,17,0.2361111111111111,1,0,1,1
Cook,Alden Lincoln Park Rehab,145126,2020-06-26,72,11,0.1527777777777778,1,0,1,1
Lake,Bayside Terrace,No Match,2020-06-26,71,2,0.028169014084507043,1,0,1,1
Cook,Dobson Plaza,145122,2020-06-26,71,21,0.29577464788732394,1,0,1,1
McHenry,Cross Roads Care Center,145222,2020-06-26,71,13,0.18309859154929578,1,0,1,1
St. Clair,Cedar Ridge,145571,2020-06-26,71,10,0.14084507042253522,1,0,1,1
Cook,Buckingham Pavilion,145285,2020-06-26,70,12,0.17142857142857143,1,0,1,1
Cook,Smith Village,145904,2020-06-26,70,14,0.2,1,0,1,1
Cook,Elevate Care Irving Park,145415,2020-06-26,70,13,0.18571428571428572,1,0,1,1
Madison,Eden Village Care Center,145384,2020-06-26,69,20,0.2898550724637681,1,0,1,1
Cook,Alden Wentworth  Rehab & Healthcare Center,No Match,2020-06-26,69,13,0.18840579710144928,1,0,1,1
Winnebago,Amberwood,145908,2020-06-26,68,8,0.11764705882352941,1,0,1,1
Cook,Elevate Care Northbrook,145171,2020-06-26,68,14,0.20588235294117646,1,0,1,1
Lake,Alden Long Grove,No Match,2020-06-26,67,17,0.2537313432835821,1,0,1,1
McHenry,Crystal Pines Rehabilitation & Hlth Care Facility,145257,2020-06-26,67,11,0.16417910447761194,1,0,1,1
Cook,Waterfront Terrace,145939,2020-06-26,67,13,0.19402985074626866,1,0,1,1
Cook,Lieberman Geriatric Center,145931,2020-06-26,67,7,0.1044776119402985,1,0,1,1
Lake,Wauconda Care,145887,2020-06-26,66,16,0.24242424242424243,1,0,1,1
Madison,Riverside Rehab and Healthcare,145651,2020-06-26,66,16,0.24242424242424243,1,0,1,1
Lake,Riverside Foundation,No Match,2020-06-26,66,5,0.07575757575757576,1,0,1,1
Cook,Windsor Estates,145967,2020-06-26,66,20,0.30303030303030304,1,0,1,1
Winnebago,Ascension St Anne Center,145563,2020-06-26,65,9,0.13846153846153847,1,0,1,1
Cook,Citadel of Waterford,No Match,2020-06-26,65,14,0.2153846153846154,1,0,1,1
Cook,Lexington Health Care Orland Park,145899,2020-06-26,64,17,0.265625,1,0,1,1
Cook,Westwood Manor,146149,2020-06-26,64,2,0.03125,1,0,1,1
Will,Presence Villa Franciscan,145029,2020-06-26,64,13,0.203125,1,0,1,1
Lake,Belmont Village of Buffalo Grove,No Match,2020-06-26,63,19,0.30158730158730157,1,0,1,1
Kankakee,Illinois Veterans Home,No Match,2020-06-26,62,15,0.24193548387096775,1,0,1,1
Cook,Little Sisters of the Poor/St. Marys Home,146185,2020-06-26,62,12,0.1935483870967742,1,0,1,1
Cook,ManorCare Palos Heights East,145607,2020-06-26,62,11,0.1774193548387097,1,0,1,1
Cook,Norwood crossing Skilled Nursing,145974,2020-06-26,61,10,0.16393442622950818,1,0,1,1
Clinton,Warrren G Murray Develpmental Center,No Match,2020-06-26,61,0,0.0,1,0,1,1
Cook,ManorCare Oak Lawn West,145087,2020-06-26,61,15,0.2459016393442623,1,0,1,1
Lake,Claridge Health Center,145434,2020-06-26,60,18,0.3,1,0,1,1
Morgan,Aperion Care Jacksonville,145928,2020-06-26,60,2,0.03333333333333333,1,0,1,1
Will,The PARC of Joliet,145221,2020-06-26,60,14,0.23333333333333334,1,0,1,1
Cook,Bella Terra Morton Grove,145198,2020-06-26,60,9,0.15,1,0,1,1
Lake,Elevate Care Riverwoods,145304,2020-06-26,59,12,0.2033898305084746,1,0,1,1
Cook,Symphony of Bronzeville,145337,2020-06-26,59,15,0.2542372881355932,1,0,1,1
Lake,The Grove By the Lake,145665,2020-06-26,59,10,0.1694915254237288,1,0,1,1
McLean,Bloomington Rehabilitation and Healthcare Center,145610,2020-06-26,59,10,0.1694915254237288,1,0,1,1
Cook,Warren Barr Lincoln Park,145875,2020-06-26,59,11,0.1864406779661017,1,0,1,1
DuPage,Chateau Center Nursing & Rehabilitation,145614,2020-06-26,58,13,0.22413793103448276,1,0,1,1
Lake,Whitehall of Deerfield,145706,2020-06-26,57,3,0.05263157894736842,1,0,1,1
Cook,The Grove of Berwyn,145070,2020-06-26,57,14,0.24561403508771928,1,0,1,1
St. Clair,New Athens Home for the Aged,146115,2020-06-26,57,8,0.14035087719298245,1,0,1,1
St. Clair,Lebanon Care Center ,No Match,2020-06-26,56,10,0.17857142857142858,1,0,1,1
Cook,Lutheran Home,145768,2020-06-26,55,8,0.14545454545454545,1,0,1,1
Cook,Arden Courts of Palos Heights,No Match,2020-06-26,55,10,0.18181818181818182,1,0,1,1
Cook,Arbour Health Care Center,146169,2020-06-26,55,3,0.05454545454545454,1,0,1,1
Cook,ManorCare Health Services-Palos Heights West,145893,2020-06-26,54,15,0.2777777777777778,1,0,1,1
Cook,Plymouth Place Senior Living,146128,2020-06-26,54,11,0.2037037037037037,1,0,1,1
DuPage,Bridgeway Senior Living,No Match,2020-06-26,53,4,0.07547169811320754,1,0,1,1
Peoria,University Rehab Center,145364,2020-06-26,53,14,0.2641509433962264,1,0,1,1
Cook,Aperion Care Plum Grove,145658,2020-06-26,53,7,0.1320754716981132,1,0,1,1
DuPage,Wheaton Village,145715,2020-06-26,53,7,0.1320754716981132,1,0,1,1
Cook,Generations At Oakton,145626,2020-06-26,53,13,0.24528301886792453,1,0,1,1
Cook,Southpoint Nsg and Rehab,145914,2020-06-26,53,7,0.1320754716981132,1,0,1,1
Cook,Chicago Ridge Nursing and Rehab,145639,2020-06-26,52,16,0.3076923076923077,1,0,1,1
Cook,Arden Courts/Manor Care of South Holland ,No Match,2020-06-26,51,7,0.13725490196078433,1,0,1,1
Cook,Countryside Nursing and Rehab Center,145798,2020-06-26,51,8,0.1568627450980392,1,0,1,1
Cook,Manor Care Health Services-Homewood,145684,2020-06-26,51,15,0.29411764705882354,1,0,1,1
St. Clair,BRIA of Belleville,145668,2020-06-26,51,6,0.11764705882352941,1,0,1,1
Cook,BRIA of Chicago Heights,145898,2020-06-26,50,1,0.02,1,0,1,1
Cook,Alden Princeton Rehab & Health,145688,2020-06-26,50,10,0.2,1,0,1,1
Rock Island,Generations of Rock Island,145950,2020-06-26,50,14,0.28,1,0,1,1
Iroquois,Ascension Presence Merkle Knipprath,146085,2020-06-26,50,4,0.08,1,0,1,1
Cook,Bridgeview HC,145208,2020-06-26,49,15,0.30612244897959184,1,0,1,1
Jasper,Newton Care Center,145807,2020-06-26,49,8,0.16326530612244897,1,0,1,1
Cook,Pauls House,No Match,2020-06-26,49,5,0.10204081632653061,1,0,1,1
Cook,Park View Rehab,145765,2020-06-26,49,11,0.22448979591836735,1,0,1,1
Cook,Resurrection Nursing & rehab Center,No Match,2020-06-26,49,8,0.16326530612244897,1,0,1,1
Cook,Winston Manor,140E170,2020-06-26,48,8,0.16666666666666666,1,0,1,1
DuPage,Beacon Hill Lombard,145522,2020-06-26,48,6,0.125,1,0,1,1
Will,St James Manor,145611,2020-06-26,48,16,0.3333333333333333,1,0,1,1
McDonough,Heartland Health Care Center,No Match,2020-06-26,48,15,0.3125,1,0,1,1
Will,Sunny Hill Nursing Home,145892,2020-06-26,48,16,0.3333333333333333,1,1,0,1
Cook,Landmark of Richton Park,145424,2020-06-26,47,8,0.1702127659574468,1,0,1,1
Kane,Citadel of Elgin,145004,2020-06-26,47,4,0.0851063829787234,1,0,1,1
Cook,Symphony of Chicago West,145661,2020-06-26,47,7,0.14893617021276595,1,0,1,1
DuPage,The Grove of Elmhurst,145339,2020-06-26,47,3,0.06382978723404255,1,0,1,1
Kendall,Symphony At The Tillers of Oswego,146034,2020-06-26,47,9,0.19148936170212766,1,0,1,1
Lake,Terrace Nursing Home,No Match,2020-06-26,47,11,0.23404255319148937,1,0,1,1
Kane,Avondale Estates of Elgin,146181,2020-06-26,46,3,0.06521739130434782,1,0,1,1
Cook,Palos Heights Nursing and Rehab,145681,2020-06-26,46,10,0.21739130434782608,1,0,1,1
Cook,Westchester Health and Rehabilitation Center,145660,2020-06-26,46,12,0.2608695652173913,1,0,1,1
DuPage,Westmont Manor Health and Rehab Center,145338,2020-06-26,46,15,0.32608695652173914,1,0,1,1
Cook,Praire Oasis South Holland,145927,2020-06-26,46,14,0.30434782608695654,1,0,1,1
Cook,Estates of Hyde Park,145828,2020-06-26,45,11,0.24444444444444444,1,0,1,1
Cook,Sheridan Village,145482,2020-06-26,45,15,0.3333333333333333,1,0,1,1
DuPage,Brookdale Lisle,146061,2020-06-26,45,7,0.15555555555555556,1,0,1,1
Kane,Fox River Rehab and Healthcare,145821,2020-06-26,45,10,0.2222222222222222,1,0,1,1
Cook,Sunrise of Park Ridge,No Match,2020-06-26,45,10,0.2222222222222222,1,0,1,1
Cook,Three Crown Park ,No Match,2020-06-26,45,8,0.17777777777777778,1,0,1,1
St. Clair,St. Pauls,146122,2020-06-26,45,14,0.3111111111111111,1,0,1,1
DuPage,Alden Valley Ridge,145379,2020-06-26,44,17,0.38636363636363635,1,0,1,1
St. Clair,Memorial Care Center,No Match,2020-06-26,44,5,0.11363636363636363,1,0,1,1
Cook,Little Village Nursing Home,146018,2020-06-26,44,8,0.18181818181818182,1,0,1,1
Union,Integrity of Cobden,145922,2020-06-26,44,7,0.1590909090909091,1,0,1,1
Cook,South Suburban Rehab Center,146132,2020-06-26,44,18,0.4090909090909091,1,0,1,1
Cook,Manor Care Oak Lawn EAST. Cook,No Match,2020-06-26,44,11,0.25,1,0,1,1
DuPage,Aperion Care West Chicago,145830,2020-06-26,43,7,0.16279069767441862,1,0,1,1
LaSalle,Aperion Care Marseilles,145295,2020-06-26,42,10,0.23809523809523808,1,0,1,1
McHenry,The Fountains at Crystal Lake,No Match,2020-06-26,42,14,0.3333333333333333,1,0,1,1
Cook,All American Nursing Home,14A057,2020-06-26,42,4,0.09523809523809523,1,0,1,1
Lake,Lexington of Lake Zurich,145816,2020-06-26,42,12,0.2857142857142857,1,0,1,1
DuPage,Artis Senior Living Elmhurst,No Match,2020-06-26,42,19,0.4523809523809524,1,0,1,1
Lake,Symphony Buffalo Grove,145819,2020-06-26,41,6,0.14634146341463414,1,0,1,1
DuPage,Lexington of Lombard,145511,2020-06-26,41,10,0.24390243902439024,1,0,1,1
Cook,Lake Cook Rehab & Healthcare(formerly Rosewood),145971,2020-06-26,41,11,0.2682926829268293,1,0,1,1
McHenry,Sheltered Village,No Match,2020-06-26,41,9,0.21951219512195122,1,1,0,1
Rock Island,Centennial Care Center,145680,2020-06-26,40,4,0.1,1,0,1,1
Kane,Heritage Health Therapy and Senior Care,No Match,2020-06-26,40,3,0.075,1,0,1,1
McHenry,The Springs at Crystal Lake,145612,2020-06-26,39,8,0.20512820512820512,1,1,0,1
Monroe,Garden Place Independant & Assisted Living,No Match,2020-06-26,39,11,0.28205128205128205,1,0,1,1
Lake,Autumn Leaves of Gurnee,No Match,2020-06-26,39,10,0.2564102564102564,1,0,1,1
Cook,The Admiral at the Lake,146165,2020-06-26,39,6,0.15384615384615385,1,0,1,1
Cook,Presence Villa Scalabrini Nursing&Rehab Center,145956,2020-06-26,38,5,0.13157894736842105,1,0,1,1
Cook,Warren Barr South Loop,145632,2020-06-26,38,3,0.07894736842105263,1,0,1,1
DuPage,Harvester Place Memory Care,No Match,2020-06-26,38,13,0.34210526315789475,1,0,1,1
Cook,Selfhelp Home,146009,2020-06-26,37,3,0.08108108108108109,1,0,1,1
Cook,Symphony of Crestwood,145718,2020-06-26,37,5,0.13513513513513514,1,0,1,1
Lake,Kiley Development Center,No Match,2020-06-26,37,1,0.02702702702702703,1,0,1,1
Cook,Bethesda Rehab and Senior Care,145844,2020-06-26,37,5,0.13513513513513514,1,0,1,1
Kane,Alden of Waterford,146182,2020-06-26,37,9,0.24324324324324326,1,0,1,1
DuPage,Meadowbrook Manor Naperville,145874,2020-06-26,37,3,0.08108108108108109,1,0,1,1
Cook,Harbor House Memory Care,No Match,2020-06-26,36,10,0.2777777777777778,1,0,1,1
Cook,Lincolnwood Place,145786,2020-06-26,36,15,0.4166666666666667,1,0,1,1
DuPage,Burgess Square Healthcare & Rehab Center,145219,2020-06-26,36,3,0.08333333333333333,1,0,1,1
Will,Arbor Terrace,No Match,2020-06-26,35,5,0.14285714285714285,1,1,0,1
Kane,Elmwood Terrace,145663,2020-06-26,35,6,0.17142857142857143,1,0,1,1
Cook,Villa at South Holland,145671,2020-06-26,34,7,0.20588235294117646,1,0,1,1
Cook,Alden PoplarCreek,145403,2020-06-26,34,7,0.20588235294117646,1,0,1,1
Cook,Artis Senior Living of Lakeview,No Match,2020-06-26,34,8,0.23529411764705882,1,0,1,1
DuPage,Tabor Hills Healthcare,145840,2020-06-26,33,3,0.09090909090909091,1,0,1,1
Cook,Summit of Uptown,No Match,2020-06-26,33,15,0.45454545454545453,1,0,1,1
Lake,Manor Care of Libertyville,145593,2020-06-26,33,3,0.09090909090909091,1,0,1,1
Lake,Warren Barr Lincolnshire,146028,2020-06-26,33,4,0.12121212121212122,1,0,1,1
Cook,Aperion Care West Ridge,145832,2020-06-26,33,12,0.36363636363636365,1,0,1,1
Cook,Montgomery Place,145748,2020-06-26,33,4,0.12121212121212122,1,0,1,1
McHenry,Florence Nursing Home,146127,2020-06-26,33,4,0.12121212121212122,2,1,1,1
Cook,The Pointe of Kilpatrick ,No Match,2020-06-26,32,6,0.1875,1,0,1,1
Cook,Foster Health & Rehab,146167,2020-06-26,32,7,0.21875,1,0,1,1
Peoria,Generations of Peoria,145039,2020-06-26,32,5,0.15625,1,0,1,1
Jackson,Manor Court of Carbondale,146171,2020-06-26,32,10,0.3125,1,0,1,1
Winnebago,Stepping Stone of Rockford ,No Match,2020-06-26,32,1,0.03125,1,0,1,1
Cook,Warren Barr Gold Coast,145336,2020-06-26,32,3,0.09375,1,0,1,1
Cook,Bella Terra Wheeling,145835,2020-06-26,31,5,0.16129032258064516,1,0,1,1
Cook,Alden Estates of Orland Park,145963,2020-06-26,31,12,0.3870967741935484,1,0,1,1
Cook,The Vine At Countryside,No Match,2020-06-26,31,4,0.12903225806451613,1,0,1,1
Lake,Radford Green at Sedgebrook,146136,2020-06-26,31,6,0.1935483870967742,1,0,1,1
Will,Shady Oaks,No Match,2020-06-26,30,3,0.1,1,1,0,1
Cook,Bria Place of Indian Head Park,145784,2020-06-26,30,6,0.2,1,0,1,1
DuPage,Artis Senior Living of Bartlett,No Match,2020-06-26,29,12,0.41379310344827586,1,0,1,1
DuPage,Belmont Village Senior Living Carol Stream,No Match,2020-06-26,29,3,0.10344827586206896,1,0,1,1
Winnebago,Van Matre Encompas Health,No Match,2020-06-26,29,3,0.10344827586206896,1,0,1,1
Cook,Aperion Care Dolton,145877,2020-06-26,29,5,0.1724137931034483,1,0,1,1
Cook,Oak Park Oasis,145714,2020-06-26,29,11,0.3793103448275862,1,0,1,1
Cook,Symphony at Aria,145946,2020-06-26,29,6,0.20689655172413793,1,0,1,1
Cook,Burbank Rehab - Vera Care Stickney,145211,2020-06-26,29,10,0.3448275862068966,1,0,1,1
St. Clair,Swansea Rehabilitation and Health Care Center,145981,2020-06-26,29,6,0.20689655172413793,1,0,1,1
Will,Clarendale of Mokena,No Match,2020-06-26,29,3,0.10344827586206896,1,0,1,1
Clinton,Clinton Manor Living Facility,146025,2020-06-26,29,1,0.034482758620689655,1,0,1,1
Whiteside,Parkway Center,No Match,2020-06-26,28,5,0.17857142857142858,1,0,1,1
Cook,Prairie Manor Rehab and Nursing,145629,2020-06-26,28,10,0.35714285714285715,1,0,1,1
Cook,The Grove of Skokie,145860,2020-06-26,27,6,0.2222222222222222,1,0,1,1
Lake,Winchester House,No Match,2020-06-26,27,6,0.2222222222222222,1,0,1,1
Cook,Greek American Rehab & Care,146031,2020-06-26,27,2,0.07407407407407407,1,0,1,1
Champaign,Reflections Memory Care,No Match,2020-06-26,26,2,0.07692307692307693,1,0,1,1
Cook,The Carrington Linclonwood,No Match,2020-06-26,26,4,0.15384615384615385,1,0,1,1
Cook,Vi at the Glen,146107,2020-06-26,26,4,0.15384615384615385,1,0,1,1
Cook,Aperion Care Evanston,146058,2020-06-26,25,2,0.08,1,0,1,1
Cook,Villa at Palos Heights,145779,2020-06-26,25,5,0.2,1,0,1,1
DuPage,Ray Graham Iona Glos,No Match,2020-06-26,25,2,0.08,1,0,1,1
Cook,Southview Manor,146161,2020-06-26,25,2,0.08,1,0,1,1
Cook,Symphony of Evanston,145803,2020-06-26,25,1,0.04,1,0,1,1
Cook,Aperion Care Forest Park,145969,2020-06-26,25,3,0.12,1,0,1,1
St. Clair,Bria of Cahokia,145613,2020-06-26,25,3,0.12,1,0,1,1
Cook,Arden Courts of Elk Grove,No Match,2020-06-26,24,6,0.25,1,0,1,1
Cook,Manor Care at Arlington Heights,145199,2020-06-26,24,2,0.08333333333333333,1,0,1,1
Grundy,Parkpointe ,No Match,2020-06-26,24,2,0.08333333333333333,1,0,1,1
Cook,Presence Nazarethville,146180,2020-06-26,24,5,0.20833333333333334,1,0,1,1
DuPage,Terra Vista of Oakbrook Terrace,No Match,2020-06-26,24,3,0.125,1,0,1,1
Cook,Citadel of Northbrook,145982,2020-06-26,24,2,0.08333333333333333,1,0,1,1
Cook,Grace Point Place Memory Care,No Match,2020-06-26,24,8,0.3333333333333333,1,0,1,1
Winnebago,Crimson Pointe Senior Living,No Match,2020-06-26,23,7,0.30434782608695654,1,0,1,1
Cook,Lydia Health Care Center,No Match,2020-06-26,23,3,0.13043478260869565,1,0,1,1
Cook,Lexington of Chicago Ridge,145700,2020-06-26,23,12,0.5217391304347826,1,1,0,1
Jackson,Integrity Healthcare of Carbondale,145757,2020-06-26,23,4,0.17391304347826086,1,0,1,1
Cook,Elevate Saint Andrew,146176,2020-06-26,23,8,0.34782608695652173,1,0,1,1
DuPage,Lakeview Memory Care Community,No Match,2020-06-26,23,2,0.08695652173913043,1,0,1,1
Cook,Parkshore Estates,145938,2020-06-26,22,1,0.045454545454545456,1,0,1,1
Cook,Symphony of Hanover Park,146143,2020-06-26,22,2,0.09090909090909091,1,0,1,1
Cook,Citadel of Warren Park,No Match,2020-06-26,22,4,0.18181818181818182,1,0,1,1
Cook,AMITA Health Holy Family Medical Center ,No Match,2020-06-26,22,1,0.045454545454545456,1,0,1,1
DuPage,DuPage Care Center,145050,2020-06-26,22,2,0.09090909090909091,1,0,1,1
Cook,Weinberg Community for Senior Living,No Match,2020-06-26,21,2,0.09523809523809523,1,0,1,1
Winnebago,Anam Care Facility,No Match,2020-06-26,21,8,0.38095238095238093,1,1,0,1
Cook,Heather Manor Nursing & Rehabilitation Center,No Match,2020-06-26,21,2,0.09523809523809523,1,0,1,1
Cook,Belmont Village Senior Living of Glenview,No Match,2020-06-26,21,4,0.19047619047619047,1,0,1,1
Lake,Auberge at Lake Zurich,No Match,2020-06-26,20,5,0.25,1,0,1,1
Cook,Brookdale Des Plaines,No Match,2020-06-26,20,6,0.3,1,0,1,1
Tazewell,Reflections Memory Care,No Match,2020-06-26,20,3,0.15,1,0,1,1
Cook,Lemont Center,145901,2020-06-26,20,6,0.3,1,0,1,1
Cook,Balmoral Home,145796,2020-06-26,20,0,0.0,1,0,1,1
DuPage,Alden Village Bloomingdale,No Match,2020-06-26,20,1,0.05,1,0,1,1
Peoria,EP!C,No Match,2020-06-26,19,0,0.0,1,1,0,1
Rock Island,Fort Armstrong,No Match,2020-06-26,19,1,0.05263157894736842,1,0,1,1
Cook,Elevate Care South Holland,No Match,2020-06-26,19,6,0.3157894736842105,1,0,1,1
Cook,Northbrook Inn Memory Care,No Match,2020-06-26,18,9,0.5,1,0,1,1
Lake,Libertyville Manor,145344,2020-06-26,18,7,0.3888888888888889,1,0,1,1
Cook,Sunrise of Schaumburg,No Match,2020-06-26,18,4,0.2222222222222222,1,0,1,1
Whiteside,Harbor Crest,146158,2020-06-26,18,4,0.2222222222222222,1,0,1,1
Cook,The Clare,146141,2020-06-26,18,0,0.0,1,0,1,1
Will,Willow House,No Match,2020-06-26,18,0,0.0,1,1,0,1
Lake,Sheridan at Green Oaks,No Match,2020-06-26,18,1,0.05555555555555555,1,0,1,1
Winnebago,PA Peterson at theCitadel,145751,2020-06-26,18,3,0.16666666666666666,1,0,1,1
Lake,Brookdale Vernon Hills,No Match,2020-06-26,18,3,0.16666666666666666,1,0,1,1
DuPage,Brookdale Burr Ridge,146094,2020-06-26,17,4,0.23529411764705882,1,0,1,1
Cook,Friendship Village LTC,145341,2020-06-26,17,5,0.29411764705882354,1,0,1,1
Cook,Tri-States Nursing & rehab Center,145879,2020-06-26,17,2,0.11764705882352941,1,0,1,1
Cook,Alden Lakeland,145450,2020-06-26,17,1,0.058823529411764705,1,0,1,1
Cook,Greenwood Care-Evanston,No Match,2020-06-26,17,1,0.058823529411764705,1,0,1,1
Lake,The Solana Deer Park,No Match,2020-06-26,17,5,0.29411764705882354,1,0,1,1
DuPage,Lexington of Elmhurst,145711,2020-06-26,17,11,0.6470588235294118,1,0,1,1
Peoria,Grand View Alzheimers Special Care Center,No Match,2020-06-26,17,2,0.11764705882352941,1,0,1,1
Cass,Walker Nursing Home,146100,2020-06-26,16,0,0.0,1,0,1,1
Peoria,Bickford Senior Living of Peoria,No Match,2020-06-26,16,3,0.1875,1,1,0,1
Whiteside,Regency Care of Sterling ,No Match,2020-06-26,16,1,0.0625,1,0,1,1
Cook,Prairie Green at Dixie Crossing,No Match,2020-06-26,16,5,0.3125,1,0,1,1
Cook,Westminster Place,145026,2020-06-26,16,0,0.0,1,0,1,1
Lake,Cedar Lake,No Match,2020-06-26,16,8,0.5,1,1,0,1
Cook,RML Specialty Hospital Hinsdale,No Match,2020-06-26,16,1,0.0625,1,0,1,1
Madison,Beverly Farm,No Match,2020-06-26,15,0,0.0,1,0,1,1
Kane,Bright Oaks of Aurora,No Match,2020-06-26,15,2,0.13333333333333333,1,0,1,1
Cook,Aperion Care Chicago Heights,145180,2020-06-26,15,1,0.06666666666666667,1,0,1,1
McHenry,Fair Oaks Health Care Center,145917,2020-06-26,15,3,0.2,1,0,1,1
Cook,Lakefront Nursing,145235,2020-06-26,15,0,0.0,1,0,1,1
Cook,Kensington Place Nursing And Rehabilitation Center,145829,2020-06-26,15,2,0.13333333333333333,1,0,1,1
Cook,Waverly Inn Memory Care Community,No Match,2020-06-26,15,8,0.5333333333333333,1,0,1,1
Cook,Evergreen Senior Living,No Match,2020-06-26,14,7,0.5,1,0,1,1
Cook,Presence St. Benedict,145731,2020-06-26,14,2,0.14285714285714285,1,0,1,1
Lake,The Village at Victory Lakes,145602,2020-06-26,14,1,0.07142857142857142,1,0,1,1
Cook,Albany Care,No Match,2020-06-26,14,0,0.0,1,0,1,1
McHenry,Revere Court of Crystal Lake,No Match,2020-06-26,14,3,0.21428571428571427,1,1,0,1
Kane,Fox knoll,No Match,2020-06-26,14,2,0.14285714285714285,1,0,1,1
DuPage,The Radcliff Wood Dale,No Match,2020-06-26,14,2,0.14285714285714285,1,0,1,1
Cook,Oak Park Brookdale,No Match,2020-06-26,14,1,0.07142857142857142,1,0,1,1
Cook,The Hartwell,No Match,2020-06-26,14,0,0.0,1,0,1,1
Cook,Madden Mental Health Center,No Match,2020-06-26,14,0,0.0,1,0,1,1
Cook,Citadel of Wilmette,145932,2020-06-26,14,5,0.35714285714285715,1,0,1,1
Cook,Alden Estates of Evanston,145907,2020-06-26,14,2,0.14285714285714285,1,0,1,1
Cook,Bella Terra Streamwood,145701,2020-06-26,14,2,0.14285714285714285,1,0,1,1
Lake,Victory Lakes Continuing Care Center,No Match,2020-06-26,14,4,0.2857142857142857,1,0,1,1
Cook,Brookdale Orland Park,No Match,2020-06-26,14,6,0.42857142857142855,1,0,1,1
Cook,Presence MaryHaven,145741,2020-06-26,13,4,0.3076923076923077,1,1,0,1
Cook,Bryn Mawr Care,No Match,2020-06-26,13,0,0.0,1,0,1,1
Kane,Alden Courts of Waterford,146182,2020-06-26,13,0,0.0,1,0,1,1
Cook,Pershing Garden,146078,2020-06-26,13,4,0.3076923076923077,1,1,0,1
Cook,Aspire Living Prospect Heights,No Match,2020-06-26,13,0,0.0,1,0,1,1
Winnebago,Rock River Health Care,145818,2020-06-26,13,1,0.07692307692307693,1,0,1,1
Will,Senior Star at Weber Place,No Match,2020-06-26,13,4,0.3076923076923077,1,1,0,1
Kane,Northern Illinois Academy,No Match,2020-06-26,13,0,0.0,1,0,1,1
DuPage,Aspired Living of Westmont,No Match,2020-06-26,13,4,0.3076923076923077,1,0,1,1
Cook,Alden Estates Des Plaines,145998,2020-06-26,13,2,0.15384615384615385,1,0,1,1
DuPage,Arista Healthcare Naperville,145358,2020-06-26,12,1,0.08333333333333333,1,0,1,1
McDonough,The Lamoine Assisted Living & Memory Care,No Match,2020-06-26,12,1,0.08333333333333333,1,1,0,1
St. Clair,Cedarhurst of Shiloh,No Match,2020-06-26,12,0,0.0,1,0,1,1
Cook,Sunrise of Flossmore,No Match,2020-06-26,12,6,0.5,1,0,1,1
Cook,Inverness Health and Rehab,145994,2020-06-26,12,0,0.0,1,0,1,1
Cook,Margaret Manor Central,No Match,2020-06-26,12,1,0.08333333333333333,1,0,1,1
Kane,White Oaks Spring Street,No Match,2020-06-26,12,2,0.16666666666666666,1,0,1,1
Cook,Victory Centre of Sierra Ridge,No Match,2020-06-26,12,1,0.08333333333333333,1,0,1,1
Rock Island,Illini Restorative Care,145703,2020-06-26,12,0,0.0,1,0,1,1
Rock Island,Aperion Care Moline,No Match,2020-06-26,12,2,0.16666666666666666,1,0,1,1
Kane,Sunnymere,No Match,2020-06-26,12,0,0.0,1,0,1,1
DuPage,Naperville Manor Health & Rehab Center,No Match,2020-06-26,12,1,0.08333333333333333,1,0,1,1
Cook,Avenues to Independence,No Match,2020-06-26,11,0,0.0,1,0,1,1
Will,"Charter Senoir Living, The Cottages",No Match,2020-06-26,11,2,0.18181818181818182,1,1,0,1
Cook,Lexington healthcare of Schaumburg,145678,2020-06-26,11,1,0.09090909090909091,1,0,1,1
Cook,Prairie Green at Fays Point,No Match,2020-06-26,11,2,0.18181818181818182,1,0,1,1
Cook,Elevate Care Niles,145662,2020-06-26,11,5,0.45454545454545453,1,0,1,1
Lake,Balmoral Care Center,No Match,2020-06-26,11,2,0.18181818181818182,1,0,1,1
Kane,Grove of St. Charles,No Match,2020-06-26,10,2,0.2,1,0,1,1
DuPage,The Birches Assisted Living Clarendon Hills,No Match,2020-06-26,10,0,0.0,1,0,1,1
DuPage,Sunrise of Willowbrook Assisted Living,No Match,2020-06-26,10,1,0.1,1,0,1,1
Will,Smith Crossing,146110,2020-06-26,10,0,0.0,1,0,1,1
Cook,Brandel Care Center,145527,2020-06-26,10,0,0.0,1,0,1,1
Will,Spring Creek Nursing Home,146172,2020-06-26,10,1,0.1,1,0,1,1
Will,Alden Estates of Shorewood,146153,2020-06-26,10,2,0.2,1,0,1,1
DuPage,West Chicago Terrace,14E392,2020-06-26,10,2,0.2,1,0,1,1
Cook,The Grove of Northbrook,145809,2020-06-26,10,0,0.0,1,0,1,1
Cook,North Shore Place,No Match,2020-06-26,10,0,0.0,1,0,1,1
Cook,Emerald Place Memory Care,No Match,2020-06-26,10,2,0.2,1,0,1,1
Cook,Presence Resurrection Life Center,145960,2020-06-26,10,1,0.1,1,0,1,1
Lake,The Wellshire Lincolnshire,No Match,2020-06-26,9,3,0.3333333333333333,1,0,1,1
Lake,Brookdale - Hawthorn Lakes,No Match,2020-06-26,9,0,0.0,1,0,1,1
Winnebago,Fairhaven Christian Retirement Center,14E345,2020-06-26,9,0,0.0,1,0,1,1
Will,Victorian Village,146178,2020-06-26,9,1,0.1111111111111111,1,1,0,1
DuPage,Westbridge Assisted Living Wheaton,No Match,2020-06-26,9,4,0.4444444444444444,1,0,1,1
Cook,Skokie Meadows,No Match,2020-06-26,9,0,0.0,1,0,1,1
Cook,Victory Centre of Riverwoods,No Match,2020-06-26,9,4,0.4444444444444444,1,0,1,1
Cook,The Sheridan of Park Ridge,No Match,2020-06-26,9,3,0.3333333333333333,1,0,1,1
DuPage,Oak Trace,145804,2020-06-26,9,3,0.3333333333333333,1,0,1,1
Cook,Central Baptist Village,145853,2020-06-26,9,0,0.0,1,0,1,1
Cook,Holy Family Villa,146053,2020-06-26,9,3,0.3333333333333333,1,0,1,1
Kane,Batavia Rehabilitation Center,140E96,2020-06-26,9,2,0.2222222222222222,1,0,1,1
Cook,Mather Place,No Match,2020-06-26,9,2,0.2222222222222222,1,0,1,1
Cook,Mercy Circle,146174,2020-06-26,9,0,0.0,1,0,1,1
Cook,Oak Park Arms,No Match,2020-06-26,9,2,0.2222222222222222,1,1,0,1
St. Clair,Knollwood,No Match,2020-06-26,9,1,0.1111111111111111,1,0,1,1
Rock Island,Hope Creek,145269,2020-06-26,9,1,0.1111111111111111,1,0,1,1
Lake,Azpira Place of Lake Zurich,No Match,2020-06-26,8,0,0.0,1,0,1,1
Kane,Riverview Rehab Center,No Match,2020-06-26,8,0,0.0,1,0,1,1
Will,Aperion Wilmington,145316,2020-06-26,8,0,0.0,1,0,1,1
Cook,Revere Court of South Barrington,No Match,2020-06-26,8,2,0.25,1,0,1,1
Lake,Victory Centre of  Vernon Hills,No Match,2020-06-26,8,0,0.0,1,0,1,1
Will,Alden Courts of Shorewood,146183,2020-06-26,8,1,0.125,1,1,0,1
Winnebago,River Bluff Nursing Home,145771,2020-06-26,8,0,0.0,1,0,1,1
DuPage,Brookdale Glen Ellyn,No Match,2020-06-26,8,1,0.125,1,0,1,1
Kendall,Hillside Rehab and Care,145609,2020-06-26,8,2,0.25,1,0,1,1
Cook,Country Club Terrace,No Match,2020-06-26,8,0,0.0,1,0,1,1
Kane,Arden Courts of Geneva,No Match,2020-06-26,8,2,0.25,1,0,1,1
Will,Willow Falls,No Match,2020-06-26,8,2,0.25,1,1,0,1
Cook,Brookdale - Lake Shore,No Match,2020-06-26,8,0,0.0,1,0,1,1
Lake,Sunrise of Barrington,No Match,2020-06-26,8,1,0.125,1,0,1,1
Madison,Cedarhurst of Godfrey,No Match,2020-06-26,8,0,0.0,1,0,1,1
McDonough,Mosaic,No Match,2020-06-26,8,0,0.0,1,0,1,1
Cook,Peace Village,No Match,2020-06-26,8,0,0.0,1,0,1,1
Lake,Rolling Hills Manor,145443,2020-06-26,7,0,0.0,1,0,1,1
Lake,Rolling Hills Place,No Match,2020-06-26,7,1,0.14285714285714285,1,0,1,1
Cook,St Joseph Home For the Elderly,No Match,2020-06-26,7,0,0.0,1,0,1,1
Clinton,Villa Catherine,No Match,2020-06-26,7,0,0.0,1,0,1,1
Cook,Progressive Housing,No Match,2020-06-26,7,3,0.42857142857142855,1,0,1,1
Lake,Hillcrest Retirement Village,146130,2020-06-26,7,0,0.0,1,0,1,1
Cook,The Mather Evanston,146145,2020-06-26,7,0,0.0,1,0,1,1
Kane,The Grove of Fox Valley,145006,2020-06-26,7,0,0.0,1,0,1,1
Cook,Abington of Glenview,145683,2020-06-26,7,1,0.14285714285714285,1,0,1,1
Cook,Alden Town Manor Care,No Match,2020-06-26,7,0,0.0,1,0,1,1
Kane,River Glen,No Match,2020-06-26,7,0,0.0,1,0,1,1
Kane,White Oaks at South Elgin,No Match,2020-06-26,7,2,0.2857142857142857,1,0,1,1
Madison,Cedarhurst of Bethalto,No Match,2020-06-26,7,0,0.0,1,0,1,1
Kankakee,Riverside Senior Life at Bourbonnais,No Match,2020-06-26,7,0,0.0,1,0,1,1
Cook,Edward Hines VA Community Living Center,No Match,2020-06-26,7,0,0.0,1,0,1,1
McHenry,Hearthstone Manor ,No Match,2020-06-26,7,0,0.0,1,0,1,1
Cook,Lexington Healthcare of La Grange,145737,2020-06-26,7,2,0.2857142857142857,1,0,1,1
Cook,Alden Estates of Barrington,145557,2020-06-26,7,0,0.0,1,0,1,1
Lake,The Auberge At Highland Park,No Match,2020-06-26,7,3,0.42857142857142855,1,0,1,1
Monroe,Cedarhurst Senior Living -Waterloo,No Match,2020-06-26,6,0,0.0,1,0,1,1
Sangamon,Centennial Pointe,No Match,2020-06-26,6,1,0.16666666666666666,1,0,1,1
Tazewell,Generations at Riverview,145524,2020-06-26,6,2,0.3333333333333333,1,0,1,1
Monroe,Oak Hill,145445,2020-06-26,6,0,0.0,1,0,1,1
Will,Harbor Chase of Plainfield,No Match,2020-06-26,6,1,0.16666666666666666,1,0,1,1
Will,Marley Oaks,No Match,2020-06-26,6,1,0.16666666666666666,1,1,0,1
Sangamon,Villas of Holly Brook and Reflections Memory Care,No Match,2020-06-26,6,0,0.0,1,0,1,1
Wayne,Aperion Care Fairfield,146000,2020-06-26,6,1,0.16666666666666666,1,1,0,1
Shelby,Shelbyville Manor,145441,2020-06-26,6,0,0.0,1,1,0,1
Boone,Park Place of Belvidere,146071,2020-06-26,6,0,0.0,1,0,1,1
Cook,The Auberge at Morton Grove,No Match,2020-06-26,6,0,0.0,1,0,1,1
DuPage,Clarendale of Addison,No Match,2020-06-26,6,0,0.0,1,0,1,1
Cook,Alden Village North,No Match,2020-06-26,6,0,0.0,1,0,1,1
Cook,Belmont Oak Park,No Match,2020-06-26,6,2,0.3333333333333333,1,1,0,1
Kane,The Sheridan at Tyler Creek,No Match,2020-06-26,6,0,0.0,1,0,1,1
Kankakee,Bickford Senior Center of Bourbonnais,No Match,2020-06-26,6,1,0.16666666666666666,1,1,0,1
Cook,Brookdale Hoffman Estates,No Match,2020-06-26,6,0,0.0,1,0,1,1
Cook,Brookdale Prospect Heights,145852,2020-06-26,6,0,0.0,1,0,1,1
DuPage,Sunrise of Bloomingdale Assisted Living,No Match,2020-06-26,6,1,0.16666666666666666,1,0,1,1
Kane,Highland Oaks,14A383,2020-06-26,6,0,0.0,1,0,1,1
DuPage,Harbor Chase of Naperville,No Match,2020-06-26,6,0,0.0,1,0,1,1
Cook,Wesley Place,145591,2020-06-26,6,0,0.0,1,0,1,1
Cook,Misericordia - McNerney House,No Match,2020-06-26,6,0,0.0,1,0,1,1
Cook,The Grove of La Grange,145307,2020-06-26,6,1,0.16666666666666666,1,0,1,1
Cook,Symphony Residences at Lincoln Park,No Match,2020-06-26,6,0,0.0,1,0,1,1
Cook,Asbury Court Senior Living,146187,2020-06-26,6,1,0.16666666666666666,1,0,1,1
DuPage,Alden Trails,No Match,2020-06-26,5,0,0.0,1,0,1,1
Cook,Heritage Woods,No Match,2020-06-26,5,0,0.0,1,0,1,1
Cook,Misericordia - Marian Center,No Match,2020-06-26,5,0,0.0,1,0,1,1
Cook,Covenant Enabling Residence,No Match,2020-06-26,5,0,0.0,1,1,0,1
DuPage,St. Patricks Residence Nursing & Rehabilitation,145878,2020-06-26,5,0,0.0,1,0,1,1
Union,Illinois Veterans Home Anna,No Match,2020-06-26,5,0,0.0,1,1,0,1
Cook,Misericordia - Peteman House,No Match,2020-06-26,5,0,0.0,1,0,1,1
Ford,Accolade Healthcare,No Match,2020-06-26,5,0,0.0,1,0,1,1
Cook,Brookdale Assisted living,No Match,2020-06-26,5,1,0.2,1,1,0,1
McHenry,Hearthstone Village,No Match,2020-06-26,5,0,0.0,1,1,0,1
Cook,The Reserve at Arlington Heights,No Match,2020-06-26,5,1,0.2,1,0,1,1
St. Clair,Colonnade,No Match,2020-06-26,5,0,0.0,1,0,1,1
Macon,Prairie Creek Village,146003,2020-06-26,5,0,0.0,1,0,1,1
Lake,Spring Meadows Libertyville,No Match,2020-06-26,5,0,0.0,1,0,1,1
Champaign,University Rehab Center,145364,2020-06-26,5,0,0.0,1,1,0,1
Cook,Alden Estates of Skokie,145869,2020-06-26,5,0,0.0,1,0,1,1
Lake,Pavilion of Waukegan,145621,2020-06-26,5,0,0.0,1,0,1,1
Cook,Aperion Care Burbank,145913,2020-06-26,5,1,0.2,1,0,1,1
Kankakee,Kankakee terrace,No Match,2020-06-26,5,0,0.0,1,0,1,1
Cook,Aperion Care Midlothian,145947,2020-06-26,4,0,0.0,1,0,1,1
Kankakee,Presence Our Lady of Victory - Ascension Living,No Match,2020-06-26,4,1,0.25,1,1,0,1
Peoria,Sharon Healthcare Willows South,14E888,2020-06-26,4,1,0.25,1,1,0,1
Cook,Franciscan Village,146029,2020-06-26,4,1,0.25,1,0,1,1
Winnebago,Peterson Meadows,No Match,2020-06-26,4,1,0.25,1,1,0,1
Cook,Greenview Place Senior Living,No Match,2020-06-26,4,0,0.0,1,0,1,1
Kankakee,Illinois Department of veterans Affair Prince Home,No Match,2020-06-26,4,0,0.0,1,0,1,1
Lake,Anthology Grayslake,No Match,2020-06-26,4,0,0.0,1,0,1,1
Kendall,Association for Individual Development (A.I.D),No Match,2020-06-26,4,3,0.75,1,1,0,1
LaSalle,Ottawa Pavilion,145426,2020-06-26,4,0,0.0,1,0,1,1
Sangamon,Heritage Health: Therapy & Senior Care - Springfie,No Match,2020-06-26,4,0,0.0,1,0,1,1
Cook,Pearl of Rolling Meadows,145350,2020-06-26,4,0,0.0,1,0,1,1
St. Clair,Autumn Meadows,145581,2020-06-26,4,0,0.0,1,0,1,1
St. Clair,Memorial Convalescent Center,145102,2020-06-26,4,0,0.0,1,0,1,1
St. Clair,CASEYVILLE CARE CENTER,145585,2020-06-26,4,0,0.0,1,0,1,1
Cook,Pine Crest Healthcare,145220,2020-06-26,4,1,0.25,1,0,1,1
Cook,St. Joseph Village of Chicago,145637,2020-06-26,4,0,0.0,1,0,1,1
Peoria,Lutheran Hillside Village,No Match,2020-06-26,4,0,0.0,1,1,0,1
Will,Salem Village NH,145618,2020-06-26,4,1,0.25,1,0,1,1
Will,Rock Run Place,No Match,2020-06-26,4,0,0.0,1,1,0,1
McLean,Luther Oakes,146184,2020-06-26,4,0,0.0,1,1,0,1
Madison,Cedarhurst of Highland,No Match,2020-06-26,4,0,0.0,1,0,1,1
Kankakee,Community Alternative of Illinios,No Match,2020-06-26,4,0,0.0,1,0,1,1
Cook,Berkeley Nursing and Rehabilitation Center,146013,2020-06-26,4,3,0.75,1,1,0,1
Cook,St. Mary of Providence in Chicago,No Match,2020-06-26,4,0,0.0,1,0,1,1
Cook,Citadel of Skokie,145468,2020-06-26,4,2,0.5,1,0,1,1
Cook,Brookdale Northbrook ,No Match,2020-06-26,4,3,0.75,1,0,1,1
Kankakee,Harvest View Senior Living,No Match,2020-06-26,4,0,0.0,1,0,1,1
Cook,Brookdale Senior Living of Chicago,No Match,2020-06-26,4,0,0.0,1,0,1,1
Macoupin,Heritage Health ,No Match,2020-06-26,4,0,0.0,1,1,0,1
Will,Lakewood Nursing Home,145761,2020-06-26,4,0,0.0,2,1,1,1
Kane,Aperion Care Elgin,145740,2020-06-26,4,0,0.0,1,0,1,1
Cook,Avantara Park Ridge,145667,2020-06-26,4,2,0.5,1,0,1,1
Cook,Atria Glenview,No Match,2020-06-26,4,0,0.0,1,0,1,1
Madison,Collinsville Rehabilitation and Healthcare,145438,2020-06-26,4,0,0.0,1,0,1,1
Champaign,Champaign-Urbana Nursing and Rehab,145439,2020-06-26,3,0,0.0,1,0,1,1
Cook,Alden North Shore,145984,2020-06-26,3,1,0.3333333333333333,1,0,1,1
Cook,Beechwood Manor,No Match,2020-06-26,3,0,0.0,1,0,1,1
Winnebago,Mosaic - Applewood Group Home,No Match,2020-06-26,3,0,0.0,1,0,1,1
Cook,Oak Lawn Respiratory and Rehab,145942,2020-06-26,3,0,0.0,1,0,1,1
Winnebago,Milestone Inc. - Applewood,No Match,2020-06-26,3,0,0.0,1,1,0,1
Cook,Good Shepherd Manor,No Match,2020-06-26,3,1,0.3333333333333333,1,1,0,1
Will,Lakeshore Rehab & Healthcare,145694,2020-06-26,3,0,0.0,1,1,0,1
Will,Joliet Terrace,140E248,2020-06-26,3,0,0.0,1,1,0,1
Will,Heritage Woods of Bolingbrook,No Match,2020-06-26,3,0,0.0,1,1,0,1
Cook,"David Webb, Jr. Senior Living Complex",No Match,2020-06-26,3,2,0.6666666666666666,1,0,1,1
Lake,Sunrise of Buffalo Grove,No Match,2020-06-26,3,0,0.0,1,0,1,1
Cook,Sunrise Palos Park,No Match,2020-06-26,3,1,0.3333333333333333,1,0,1,1
Rock Island,Friendship Manor,146099,2020-06-26,3,0,0.0,1,0,1,1
Lake,Prarieview at the Garlands,146118,2020-06-26,3,1,0.3333333333333333,1,0,1,1
Kane,Michealsen Health Center ,No Match,2020-06-26,3,0,0.0,1,0,1,1
Madison,University Care Center,145985,2020-06-26,3,0,0.0,1,0,1,1
Kane,Jennings Terrace,14A539,2020-06-26,3,0,0.0,1,0,1,1
Kane,GreenFields of Geneva,146166,2020-06-26,3,0,0.0,1,0,1,1
Kane,Dunham Rehabilitation Center,No Match,2020-06-26,3,0,0.0,1,0,1,1
Kane,Brighton Garden of St Charles,No Match,2020-06-26,3,1,0.3333333333333333,1,0,1,1
Iroquois,Prairieview Lutheran Homes,145953,2020-06-26,3,0,0.0,1,1,0,1
DuPage,Winfield Woods Healthcare Center,146168,2020-06-26,3,0,0.0,1,0,1,1
Ogle,Rochelle Rehab & Healthcare Center,145975,2020-06-26,3,0,0.0,1,0,1,1
DuPage,Lexington Square Lombard,No Match,2020-06-26,3,0,0.0,1,0,1,1
DeKalb,DeKalb County Rehab and Nursing,145547,2020-06-26,3,0,0.0,1,0,1,1
DuPage,The Auberge at Naperville,No Match,2020-06-26,3,0,0.0,1,0,1,1
DuPage,Alden of Old Town East,No Match,2020-06-26,3,0,0.0,1,0,1,1
Cook,Victory Center of Bartlett,No Match,2020-06-26,3,0,0.0,1,0,1,1
Rock Island,St. Anthonys Continue Care,145387,2020-06-26,3,0,0.0,1,0,1,1
Cook,The Mooring of Arlington heights,146007,2020-06-26,3,0,0.0,1,0,1,1
Rock Island,Park Vista,No Match,2020-06-26,3,0,0.0,1,1,0,1
Kankakee,Heritage Village,No Match,2020-06-26,2,0,0.0,1,0,1,1
Cook,All Saints,No Match,2020-06-26,2,0,0.0,1,0,1,1
Will,Timbers of Shorewood,No Match,2020-06-26,2,0,0.0,1,1,0,1
Stephenson,Stephenson Nursing Center,145895,2020-06-26,2,0,0.0,1,0,1,1
Cook,Autumn Green at Wright Campus,No Match,2020-06-26,2,0,0.0,1,0,1,1
Cook,Thornton Heights Terrace,No Match,2020-06-26,2,0,0.0,1,0,1,1
Cook,Park Lawn Residential Center,No Match,2020-06-26,2,0,0.0,1,0,1,1
Cook,Sunrise of Lincoln Park,No Match,2020-06-26,2,0,0.0,1,0,1,1
Macon,Eagle Ridge Assisted Living Center,No Match,2020-06-26,2,0,0.0,1,0,1,1
Winnebago,Alpine Fireside Health Center,146066,2020-06-26,2,0,0.0,1,0,1,1
St. Clair,Mercy ,No Match,2020-06-26,2,0,0.0,1,0,1,1
Lake,Sunrise Senior Living of Gurnee,No Match,2020-06-26,2,0,0.0,1,0,1,1
Coles,Mattoon Healthcare,145480,2020-06-26,2,0,0.0,1,0,1,1
Winnebago,Brickford of Rockford,No Match,2020-06-26,2,0,0.0,1,0,1,1
Kane,Alden Estates Courts of Huntley ,No Match,2020-06-26,2,0,0.0,1,0,1,1
Winnebago,Cor Mariae,145972,2020-06-26,2,0,0.0,1,0,1,1
Madison,Higland Healthcare,No Match,2020-06-26,2,0,0.0,1,0,1,1
Winnebago,East Bank Center,146069,2020-06-26,2,0,0.0,1,0,1,1
Christian,Villas of Holly Brook,No Match,2020-06-26,2,0,0.0,1,1,0,1
Kankakee,Aperion Care Bradley,146112,2020-06-26,2,0,0.0,1,1,0,1
Macoupin,Sunset Skilled Nursing & Rehab,No Match,2020-06-26,2,0,0.0,1,0,1,1
Macon,Villa Clara Post Acute,145965,2020-06-26,2,1,0.5,1,0,1,1
Cook,Barton Senior Living,No Match,2020-06-26,2,0,0.0,1,0,1,1
Wayne,Cisne Rehab and Health Care Center,146131,2020-06-26,2,0,0.0,1,0,1,1
Will,St. Colettas of Illinois,No Match,2020-06-26,2,0,0.0,1,0,1,1
Cook,Jackson Park Assisted living,No Match,2020-06-26,2,0,0.0,1,0,1,1
Whiteside,Kreiders ,No Match,2020-06-26,2,0,0.0,1,1,0,1
Cook,MacNeal Memorial Hospital Rehab/LTC,145848,2020-06-26,2,0,0.0,1,0,1,1
Cook,Helping Hands Center Countryside,No Match,2020-06-26,2,0,0.0,1,0,1,1
DeKalb,Bethany Rehabilitation and Health Care Center,145958,2020-06-26,2,0,0.0,1,0,1,1
Randolph,Coulterville Rehabilitation & Health Care Center,145993,2020-06-26,2,0,0.0,1,0,1,1
Randolph,Cedarhurst of Sparta,No Match,2020-06-26,2,0,0.0,1,0,1,1
DuPage,Lacey Creek Supportive Living,No Match,2020-06-26,2,0,0.0,1,0,1,1
Cook,Covenant Home of Chicago,No Match,2020-06-26,2,0,0.0,1,0,1,1
Will,Frankfort Terrace Nursing Center,No Match,2020-06-26,2,0,0.0,1,0,1,1
DuPage,Oak Trace Skilled Nursing,No Match,2020-06-26,2,0,0.0,1,0,1,1
DuPage,Park Place Health and Wellness Center ,No Match,2020-06-26,2,0,0.0,1,0,1,1
DuPage,Park Place of Elmhurst Assisted Living/Memory Care,No Match,2020-06-26,2,0,0.0,1,0,1,1
Montgomery,Montgomery Nursing and Rehab Center,145483,2020-06-26,2,0,0.0,1,1,0,1
DuPage,Tabor Hills Supportive Living,No Match,2020-06-26,2,0,0.0,1,0,1,1
McLean,Heritage Health-Normal,No Match,2020-06-26,2,0,0.0,1,0,1,1
Cook,Presence Bethlehem Woods,No Match,2020-06-26,2,0,0.0,1,0,1,1
McHenry,Three Oaks Assisted Living and Memory Care,No Match,2020-06-26,2,0,0.0,1,0,1,1
DuPage,Wynscape Health and Rehabilitation,145213,2020-06-26,2,0,0.0,1,0,1,1
Ford,Accolade Healthcare of Paxton Senior Living,145449,2020-06-26,2,0,0.0,1,1,0,1
Cook,Bickford of Tinley Park,No Match,2020-06-26,2,0,0.0,1,0,1,1
Cook,New City Supportive Living,No Match,2020-06-26,2,0,0.0,1,0,1,1
Jo Daviess,Galena Stauss Nursing Home,146140,2020-06-26,2,0,0.0,1,0,1,1
